1489,9997,8342,2,1
1490,8571,9985,2,1
1491,9987,1773,3,1
1492,8573,8203,3,1
1493,10000,9994,3,1
1494,10001,9991,1,1
1495,8635,8475,3,2
1496,9986,274581,2,1
1497,8635,8203,1,1
1498,9991,8342,4,1
1499,9987,9985,3,1
1500,8573,9994,2,0
1501,9986,10000,3,0
1502,1773,274581,1,1
1503,10001,8571,1,1
1504,9997,8475,1,3
1505,8342,8573,1,0
1506,9985,10001,1,2
1507,8203,9997,3,0
1508,10000,8635,0,4
1509,274581,9991,1,2
1510,9994,1773,1,2
1511,8571,9986,2,0
1512,8475,9987,0,1
1513,8635,8342,3,1
1514,9991,8573,2,2
1515,9987,274581,0,4
1516,8203,10000,3,4
1517,9986,9985,2,3
1518,1773,8475,0,2
1519,10001,9994,1,2
1520,9997,8571,2,1
1521,8342,1773,2,0
1522,9985,8203,2,1
1523,8573,9987,3,2
1524,10000,9997,4,0
1525,274581,10001,2,2
1526,9994,9991,1,2
1527,8571,8635,1,1
1528,8475,9986,0,1
1529,8635,274581,2,0
1530,9987,9994,0,2
1531,8203,8475,2,0
1532,10000,8571,2,2
1533,9986,8573,1,1
1534,1773,9991,0,2
1535,10001,8342,0,2
1536,9997,9985,1,0
1537,8342,9987,1,0
1538,9985,8635,1,0
1539,9991,9986,1,3
1540,8573,1773,3,0
1541,274581,10000,2,2
1542,9994,9997,1,1
1543,8571,8203,1,0
1544,8475,10001,2,2
1545,8342,10000,3,0
1546,9985,8571,1,1
1547,9991,10001,5,0
1548,8203,8573,2,1
1549,274581,9986,0,1
1550,9994,8635,1,1
1551,1773,9987,1,3
1552,8475,9997,2,1
1553,8635,1773,3,2
1554,9987,9991,0,1
1555,8203,8342,1,4
1556,10000,9985,2,3
1557,8571,8475,3,1
1558,9986,9994,1,2
1559,10001,8573,0,1
1560,9997,274581,0,1
1561,8342,9986,2,1
1562,9991,10000,2,2
1563,9987,8635,0,0
1564,8573,9997,1,2
1565,274581,8203,2,3
1566,9994,8571,3,1
1567,1773,10001,5,1
1568,8475,9985,0,0
1569,8635,8573,1,1
1570,9985,8342,2,0
1571,8203,9994,1,1
1572,10000,8475,2,1
1573,8571,274581,1,3
1574,9986,1773,2,1
1575,10001,9987,0,0
1576,9997,9991,0,2
1577,9991,9987,1,0
1578,8342,8203,3,0
1579,8475,8571,2,1
1580,8573,10001,2,1
1581,274581,9997,0,2
1582,9994,9986,2,2
1583,9985,10000,2,1
1584,1773,8635,0,2
1585,8342,8635,1,4
1586,9991,8571,3,0
1587,9987,9997,3,0
1588,8573,9985,4,1
1589,274581,8475,0,1
1590,9994,10000,1,1
1591,1773,8203,3,1
1592,10001,9986,2,1
1593,8635,10001,2,1
1594,9985,274581,3,0
1595,8203,9991,2,0
1596,10000,8573,1,0
1597,8571,8342,1,4
1598,9986,9987,1,0
1599,8475,9994,2,3
1600,9997,1773,2,2
1601,8342,274581,3,0
1602,9991,8635,2,0
1603,9987,10000,2,1
1604,8573,8475,3,3
1605,9994,9985,0,2
1606,9986,9997,0,0
1607,1773,8571,1,0
1608,10001,8203,3,2
1609,8635,9986,2,1
1610,9985,9991,0,3
1611,8203,9987,1,1
1612,10000,1773,2,2
1613,274581,9994,1,1
1614,8571,8573,2,1
1615,8475,8342,1,2
1616,9997,10001,1,2
1617,8342,9994,2,1
1618,9991,8475,2,1
1619,9987,8571,1,0
1620,8573,274581,3,3
1621,9986,8203,3,2
1622,1773,9985,0,2
1623,10001,10000,1,2
1624,9997,8635,1,2
1625,8342,9991,1,0
1626,9985,9997,1,2
1627,8203,8635,2,2
1628,10000,9986,2,3
1629,274581,9987,0,1
1630,9994,8573,0,1
1631,8571,10001,1,1
1632,8475,1773,2,2
1633,8635,10000,3,0
1634,9991,274581,2,0
1635,9987,8475,6,1
1636,8573,8342,0,2
1637,9986,8571,1,1
1638,1773,9994,3,3
1639,10001,9985,2,0
1640,9997,8203,0,3
1641,8342,10001,6,0
1642,9985,9986,3,0
1643,8573,9991,5,2
1644,10000,8203,2,3
1645,274581,1773,3,1
1646,9994,9987,0,0
1647,8571,9997,3,0
1648,8475,8635,1,0
1649,8635,9985,3,3
1650,9991,9994,3,1
1651,9987,8342,3,2
1652,8203,8571,0,2
1653,9986,8475,2,3
1654,1773,8573,4,1
1655,10001,274581,2,2
1656,9997,10000,1,2
1657,8342,9997,3,0
1658,9985,9987,2,1
1659,9991,1773,1,1
1660,8573,9986,2,1
1661,274581,8635,2,1
1662,9994,10001,2,1
1663,8571,10000,1,0
1664,8475,8203,0,0
1665,10000,9987,0,0
1666,8571,9994,0,0
1667,10001,1773,3,2
1668,9997,8573,1,1
1669,8203,274581,3,1
1670,8635,9991,1,1
1671,9986,8342,0,0
1672,9985,8475,1,0
1673,8635,8571,3,0
1674,9987,8573,4,1
1675,8203,9985,4,0
1676,10000,274581,3,0
1677,9986,9991,1,1
1678,1773,8342,0,1
1679,10001,8475,1,0
1680,9997,9994,1,1
1681,8342,8571,2,1
1682,274581,9985,1,1
1683,9994,8203,2,0
1684,8475,10000,2,1
1685,9987,10001,2,1
1686,8573,8635,3,1
1687,9991,9997,1,0
1688,1773,9986,2,0
1689,8635,9994,1,0
1690,9985,8573,1,2
1691,8203,1773,2,1
1692,10000,8342,2,0
1693,8571,9991,0,0
1694,9986,10001,0,0
1695,8475,274581,3,3
1696,9997,9987,3,1
1697,8342,9985,7,1
1698,9987,9986,2,0
1699,9991,8203,2,2
1700,1773,9997,1,0
1701,9994,8475,1,2
1702,274581,8571,0,1
1703,8573,10000,0,2
1704,10001,8635,0,3
1705,8635,9987,0,0
1706,9985,9994,0,1
1707,8203,10001,2,2
1708,10000,9991,1,1
1709,274581,8342,2,1
1710,8571,1773,0,0
1711,8475,8573,1,5
1712,9997,9986,1,1
1713,8342,8475,5,1
1714,9991,9985,4,1
1715,9987,8203,3,1
1716,8573,8571,1,0
1717,9994,274581,1,2
1718,9986,8635,1,1
1719,1773,10000,2,3
1720,10001,9997,0,3
1721,8635,9997,1,0
1722,9985,1773,2,2
1723,8203,9986,0,1
1724,10000,10001,4,2
1725,274581,8573,2,2
1726,9994,8342,0,1
1727,8571,9987,1,0
1728,8475,9991,1,3
4389,9825,8654,0,2
4390,8678,10252,0,1
4391,8455,10003,2,2
4392,8668,9817,2,2
4393,8197,8472,4,2
4394,10260,8586,1,0
4395,10261,8466,2,2
4396,9850,9826,1,3
4397,10194,8650,0,1
4398,8659,8456,0,3
4399,9825,8668,2,1
4400,10252,10003,1,2
4401,8678,8586,1,5
4402,8197,9826,1,0
4403,8650,8466,1,1
4404,10260,8456,0,0
4405,9850,8659,0,1
4406,10194,9817,0,2
4407,8472,10261,3,0
4408,8654,8455,2,1
4409,8455,8650,1,3
4410,9826,10260,0,0
4411,8668,8472,6,2
4412,8456,9850,2,1
4413,10261,10194,0,0
4414,8466,8678,2,0
4415,10003,9825,0,3
4416,8586,10252,3,1
4417,9817,8654,2,0
4418,8659,8197,2,3
4419,9825,8586,1,1
4420,10252,8456,0,0
4421,8678,10261,0,1
4422,8197,9817,2,1
4423,8650,9826,1,2
4424,10260,8659,2,0
4425,9850,10003,1,0
4426,10194,8455,1,0
4427,8472,8466,0,1
4428,8654,8668,1,1
4429,8455,9850,1,0
4430,9826,8472,0,1
4431,8668,10252,4,0
4432,8456,8650,1,4
4433,10261,8197,0,3
4434,8466,10194,0,1
4435,10003,8678,2,2
4436,8586,8654,4,1
4437,9817,10260,1,2
4438,8659,9825,2,1
4439,10252,9817,2,3
4440,8678,8668,3,3
4441,9826,10261,5,1
4442,8197,10260,1,1
4443,8650,10003,1,0
4444,8456,8466,3,1
4445,9850,9825,1,1
4446,8472,10194,2,0
4447,8586,8455,0,0
4448,8654,8659,1,1
4449,9825,8472,3,1
4450,8455,8678,0,1
4451,8668,9826,1,1
4452,10260,8654,0,0
4453,10261,8650,2,0
4454,8466,10252,1,1
4455,10194,8456,2,0
4456,10003,8197,0,3
4457,9817,9850,2,0
4458,8659,8586,1,1
4459,10252,9825,0,2
4460,8678,10260,2,1
4461,9826,8466,1,0
4462,8197,8455,2,1
4463,8650,8659,2,2
4464,8456,10003,2,1
4465,9850,8668,1,1
4466,8472,9817,0,1
4467,8586,10261,1,2
4468,8654,10194,0,0
4469,9825,8456,2,1
4470,8455,8472,3,1
4471,8668,8197,2,3
4472,10260,9850,1,2
4473,10261,10252,1,1
4474,8466,8586,0,2
4475,10194,9826,1,2
4476,10003,8654,0,0
4477,9817,8650,3,0
4478,8659,8678,1,2
4479,10252,8654,1,1
4480,8678,9826,0,0
4481,8455,9817,2,2
4482,8650,8197,1,0
4483,8456,8472,4,1
4484,10261,8668,0,1
4485,8466,9825,4,0
4486,10194,10260,2,0
4487,10003,8659,1,0
4488,8586,9850,3,0
4489,9825,8678,2,0
4490,9826,10003,0,0
4491,8668,10194,3,4
4492,8197,8456,0,0
4493,10260,8455,0,0
4494,9850,10252,2,0
4495,8472,8650,0,1
4496,9817,8586,1,2
4497,8659,10261,1,0
4498,8654,8466,2,1
4499,10252,10260,0,1
4500,9826,9825,1,2
4501,8650,8678,1,0
4502,8456,8455,3,0
4503,8466,8668,0,3
4504,8472,9850,1,3
4505,10003,10261,2,0
4506,8586,10194,2,2
4507,9817,8659,0,0
4508,8654,8197,1,2
4509,9825,10261,1,0
4510,9826,8455,0,3
4511,8668,8586,1,1
4512,8197,8678,0,0
4513,10260,10003,2,1
4514,9850,8466,1,0
4515,8472,10252,3,1
4516,9817,8456,1,2
4517,8659,10194,2,1
4518,8654,8650,2,0
4519,10252,9826,1,0
4520,8678,8654,1,3
4521,10003,8472,2,4
4522,8650,9825,3,3
4523,8455,8659,2,2
4524,8456,8668,0,0
4525,10261,10260,3,3
4526,8466,9817,2,0
4527,10194,9850,3,1
4528,8586,8197,0,1
4529,10252,8197,1,1
4530,8678,9850,3,0
4531,8455,8668,3,3
4532,8650,10260,0,1
4533,8456,9826,4,0
4534,10261,8654,2,1
4535,8466,8659,3,0
4536,10194,9825,0,0
4537,10003,9817,1,0
4538,8586,8472,4,1
4539,9825,8455,0,1
4540,9826,8586,1,3
4541,8668,10003,1,2
4542,8197,10194,3,0
4543,10260,8466,0,1
4544,9850,8650,4,5
4545,8472,8678,1,1
4546,9817,10261,2,1
4547,8659,10252,0,0
4548,8654,8456,2,2
4549,9825,8466,0,0
4550,8197,8650,2,0
4551,9850,8586,0,3
4552,8472,8456,0,1
4553,9817,8455,0,0
4554,8654,10252,2,0
4555,9826,8678,1,2
4556,10260,10194,3,0
4557,8659,10003,1,1
4558,8668,10261,3,0
4559,10252,9850,2,0
4560,8678,9825,0,2
4561,8455,10260,1,1
4562,8650,8472,2,2
4563,8456,8197,1,3
4564,10261,8659,1,0
4565,8466,8654,1,0
4566,10194,8668,0,3
4567,10003,9826,1,1
4568,8586,9817,1,0
4569,9825,8197,2,1
4570,10252,8650,0,6
4571,8678,10194,1,3
4572,8455,10261,5,1
4573,9826,9817,1,2
4574,8668,8659,0,1
4575,8456,8586,1,2
4576,9850,8654,2,2
4577,8472,10260,2,1
4578,10003,8466,0,1
4579,8197,9850,1,0
4580,8650,8668,4,0
4581,10260,9825,3,2
4582,10261,8456,1,1
4583,8466,8455,1,2
4584,10194,10252,2,1
4585,8586,10003,2,1
4586,9817,8678,0,0
4587,8659,9826,3,2
4588,8654,8472,1,0
4589,9825,10003,1,2
4590,10252,8668,1,3
4591,8678,8466,2,0
4592,8197,8659,2,2
4593,9850,8455,1,2
4594,8472,9826,2,2
4595,8654,8586,1,0
4596,8650,8456,3,0
4597,10260,9817,1,0
4598,10194,10261,1,0
4599,8455,10194,1,1
4600,9826,8650,1,2
4601,8668,8654,2,3
4602,8456,10252,4,0
4603,10261,8678,1,3
4604,8466,8472,1,1
4605,10003,9850,1,0
4606,8586,9825,2,2
4607,9817,8197,0,1
4608,8659,10260,1,0
4609,9825,8650,0,0
4610,9826,10252,2,1
4611,8668,8456,0,2
4612,8197,8586,1,1
4613,10260,10261,0,0
4614,9850,10194,1,1
4615,8472,10003,1,1
4616,9817,8466,0,0
4617,8659,8455,2,3
4618,8654,8678,3,4
4619,9825,8659,2,0
4620,10252,8586,0,2
4621,8678,10003,3,2
4622,8197,10261,1,0
4623,8650,8455,1,1
4624,10260,9826,2,0
4625,9850,8456,0,0
4626,10194,8466,1,2
4627,8472,8668,3,0
4628,8654,9817,3,1
4629,8455,8654,2,2
4630,9826,8197,0,1
4631,8668,9825,0,2
4632,8456,10260,0,1
4633,10261,8472,1,1
4634,8466,8650,3,2
4635,10003,10252,1,0
4636,8586,8678,3,0
4637,9817,10194,1,2
4638,8659,9850,0,1
4639,9825,9817,4,0
4640,10252,8455,0,4
4641,8678,8456,0,4
4642,8197,8466,1,0
4643,8650,8586,1,1
4644,10260,8668,1,0
4645,9850,10261,3,2
4646,10194,10003,2,2
4647,8472,8659,0,0
4648,8654,9826,2,2
4649,10252,8678,1,2
4650,9826,9850,1,0
4651,8650,10194,4,1
4652,8456,8659,2,1
4653,8466,10261,3,1
4654,8472,8197,0,2
4655,10003,8455,1,0
4656,8586,10260,3,0
4657,9817,8668,1,1
4658,8654,9825,3,3
4659,9825,9826,1,1
4660,8678,8650,1,2
4661,8455,8456,0,3
4662,8668,8466,1,1
4663,8197,8654,2,2
4664,10260,10252,1,0
4665,10261,10003,3,0
4666,9850,8472,0,3
4667,10194,8586,0,4
4668,8659,9817,0,1
4669,10252,8466,2,4
4670,8678,8455,1,4
4671,9826,8668,0,0
4672,8197,10003,4,0
4673,8650,10261,2,2
4674,8456,10194,4,0
4675,9850,9817,4,2
4676,8472,9825,0,0
4677,8586,8659,1,1
4678,8654,10260,3,2
4679,9825,9850,1,0
4680,8455,8586,2,2
4681,8668,8678,2,1
4682,10260,8197,1,1
4683,10261,9826,1,0
4684,8466,8456,4,2
4685,10194,8472,1,1
4686,10003,8650,3,1
4687,9817,10252,3,2
4688,8659,8654,0,3
4689,10252,10261,0,0
4690,8678,8659,1,1
4691,9826,10194,2,1
4692,8197,8668,3,1
4693,8650,9817,2,0
4694,8456,9825,2,2
4695,9850,10260,0,1
4696,8472,8455,3,2
4697,8586,8466,1,2
4698,8654,10003,1,4
4699,9825,10252,4,0
4700,8455,8197,1,1
4701,8668,9850,3,0
4702,10260,8678,3,1
4703,10261,8586,5,1
4704,8466,9826,4,1
4705,10194,8654,2,1
4706,10003,8456,1,1
4707,9817,8472,2,2
4708,8659,8650,1,1
4709,10252,8472,2,2
4710,8678,8197,1,1
4711,8455,9826,1,2
4712,8650,8654,0,3
4713,8456,9817,2,0
4714,10261,9825,0,1
4715,8466,9850,3,0
4716,10194,8659,0,1
4717,10003,10260,2,1
4718,8586,8668,0,0
4719,9825,10194,2,0
4720,9826,8456,0,1
4721,8668,8455,3,1
4722,8197,10252,3,2
4723,10260,8650,3,1
4724,9850,8678,3,1
4725,8472,8586,0,1
4726,9817,10003,1,0
4727,8659,8466,0,0
4728,8654,10261,2,0
4729,10252,8659,0,1
4730,8678,8472,2,0
4731,8455,9825,2,0
4732,8650,9850,1,1
4733,8456,8654,1,2
4734,10261,9817,1,2
4735,8466,10260,2,3
4736,10194,8197,2,2
4737,10003,8668,0,0
4738,8586,9826,1,0
4739,8197,9825,2,5
4740,8650,10252,3,2
4741,10260,8472,3,0
4742,10261,8455,2,2
4743,8466,10003,3,1
4744,10194,8678,2,1
4745,8586,8456,4,1
4746,9817,9826,0,1
4747,8659,8668,2,3
4748,8654,9850,2,2
4749,9825,10260,3,0
4750,10252,10194,0,1
4751,8678,9817,1,1
4752,8455,8466,1,3
4753,9826,8659,2,0
4754,8668,8650,1,1
4755,8456,10261,6,1
4756,9850,8197,1,2
4757,8472,8654,2,2
4758,10003,8586,2,2
4759,8455,10252,2,0
4760,9826,8654,1,3
4761,8668,10260,0,3
4762,8456,8678,5,1
4763,10261,9850,6,2
4764,8466,8197,2,2
4765,10003,10194,0,1
4766,8586,8650,0,0
4767,9817,9825,0,3
4768,8659,8472,1,0
7429,7794,9851,2,1
7430,9827,9837,1,2
7431,8639,9847,0,1
7432,9748,8689,0,0
7433,8592,7819,0,1
7434,10249,8121,0,2
7435,9830,9747,1,0
7436,9831,9829,1,2
7437,9941,9853,2,1
7438,10242,6391,0,0
7439,7794,9847,0,2
7440,9827,10249,0,0
7441,9747,8639,1,1
7442,8592,8689,1,1
7443,9829,9748,1,1
7444,9830,10242,3,0
7445,9837,7819,0,1
7446,9851,9831,1,4
7447,9853,6391,2,0
7448,9941,8121,1,2
7449,8121,9747,0,0
7450,9827,10242,1,0
7451,7819,9830,0,2
7452,6391,9831,3,1
7453,8639,8592,1,2
7454,8689,9851,1,1
7455,9748,9941,3,0
7456,10249,7794,2,0
7457,9847,9853,4,1
7458,9837,9829,0,1
7459,7794,7819,1,0
7460,6391,9827,2,0
7461,9747,8689,2,2
7462,9829,8121,1,0
7463,9830,8592,0,1
7464,9831,8639,0,0
7465,9851,9847,0,1
7466,9853,9837,3,0
7467,9941,10249,1,1
7468,10242,9748,0,1
7469,8121,9851,0,2
7470,9827,9829,3,1
7471,7819,9747,2,1
7472,8639,7794,1,1
7473,8689,10242,4,1
7474,9748,9853,3,0
7475,8592,9831,0,1
7476,10249,9830,2,1
7477,9847,9941,5,0
7478,9837,6391,1,2
7479,7794,6391,1,2
7480,7819,8121,0,0
7481,9747,9941,2,0
7482,8689,9847,1,2
7483,9829,9830,1,0
7484,10249,9837,3,1
7485,9831,9748,3,0
7486,9851,9827,2,2
7487,9853,8592,0,2
7488,10242,8639,1,1
7489,8121,8639,2,0
7490,9827,7819,1,4
7491,6391,8689,1,1
7492,9748,10249,2,4
7493,8592,9829,3,3
7494,9830,7794,0,0
7495,9847,10242,4,1
7496,9837,9851,2,2
7497,9853,9747,3,0
7498,9941,9831,2,0
7499,8121,9847,0,0
7500,7794,9827,1,0
7501,9747,9837,1,2
7502,8639,9853,1,0
7503,8689,9831,0,0
7504,9829,7819,1,1
7505,10249,6391,0,2
7506,9830,9748,0,0
7507,9851,8592,0,1
7508,10242,9941,0,3
7509,7794,9829,1,2
7510,9827,9747,1,0
7511,7819,8639,1,2
7512,6391,9830,1,1
7513,9748,8121,0,2
7514,8592,10249,2,2
7515,9831,9847,0,3
7516,9837,10242,1,1
7517,9853,9851,1,1
7518,9941,8689,2,3
7519,8121,9827,1,1
7520,8639,8689,3,0
7521,8592,6391,1,1
7522,9829,9853,1,0
7523,10249,9747,2,1
7524,9830,9941,1,1
7525,9847,9748,5,1
7526,9837,9831,1,1
7527,9851,7819,1,1
7528,10242,7794,1,1
7529,7794,9837,2,0
7530,9827,8592,1,1
7531,7819,9847,0,3
7532,6391,9748,2,1
7533,9747,9851,0,2
7534,8689,9830,0,0
7535,9831,10249,1,0
7536,9853,8121,1,0
7537,9941,8639,1,1
7538,10242,9829,0,0
7539,8121,9830,0,0
7540,7819,9941,1,0
7541,9747,9748,0,1
7542,8689,7794,1,1
7543,9829,8639,0,0
7544,9847,6391,2,0
7545,9837,8592,1,0
7546,9851,10249,1,0
7547,9853,9827,1,1
7548,10242,9831,3,3
7549,8121,7819,2,0
7550,9829,6391,2,2
7551,9830,9853,2,1
7552,8639,9831,1,1
7553,10249,9827,0,1
7554,8592,9747,0,0
7555,9748,10242,4,1
7556,9847,7794,2,0
7557,9837,9941,1,3
7558,9851,8689,2,2
7559,9853,9748,1,0
7560,9747,9830,2,2
7561,10242,9851,2,4
7562,9827,8639,1,0
7563,8689,9829,0,2
7564,6391,9837,2,2
7565,9831,8121,2,1
7566,7794,10249,1,0
7567,7819,8592,1,3
7568,9941,9847,0,1
7569,9829,9941,4,0
7570,9747,7794,1,0
7571,9830,9827,2,2
7572,8639,10242,1,3
7573,10249,7819,1,2
7574,9831,8689,2,1
7575,9748,8592,1,1
7576,9847,8121,5,1
7577,9837,9853,1,1
7578,9851,6391,1,0
7579,8121,9829,3,0
7580,9853,9847,0,2
7581,10242,9830,0,1
7582,9827,9851,4,0
7583,8689,9837,2,0
7584,6391,10249,0,4
7585,8592,8639,1,1
7586,7794,9748,1,0
7587,7819,9831,2,0
7588,9941,9747,1,2
7589,9829,7794,2,0
7590,9747,10242,4,0
7591,9830,6391,3,1
7592,8639,7819,1,0
7593,10249,8592,0,1
7594,9831,9941,1,0
7595,9748,9827,3,0
7596,9847,8689,3,1
7597,9837,8121,2,1
7598,9851,9853,0,1
7599,8121,9748,0,3
7600,9829,9831,1,0
7601,9827,9853,1,4
7602,8689,10249,1,1
7603,6391,9747,0,0
7604,8639,9851,1,1
7605,8592,9847,1,2
7606,7794,10242,2,0
7607,7819,9837,0,2
7608,9941,9830,0,0
7609,6391,10242,2,3
7610,9853,9829,1,1
7611,9747,9827,2,4
7612,9830,8689,2,1
7613,10249,9941,2,0
7614,9831,8592,1,1
7615,9748,7819,4,1
7616,9847,8639,0,0
7617,9837,7794,0,1
7618,9851,8121,1,0
7619,8121,10249,2,3
7620,9829,10242,3,1
7621,9827,9831,0,0
7622,8689,9747,4,3
7623,8639,9748,1,0
7624,8592,9853,1,1
7625,9847,9837,4,1
7626,7794,9830,0,0
7627,7819,9851,1,0
7628,9941,6391,1,1
7629,9853,7819,1,2
7630,9747,8121,2,2
7631,10242,8689,0,1
7632,9830,9829,0,0
7633,6391,8592,1,1
7634,10249,8639,3,0
7635,9831,7794,0,2
7636,9748,9847,2,1
7637,9837,9827,4,1
7638,9941,9851,1,2
7639,8121,9853,0,0
7640,9827,6391,1,1
7641,8639,9837,2,0
7642,9831,10242,2,1
7643,8592,9941,1,1
7644,9748,9747,5,1
7645,9847,10249,0,0
7646,7794,8689,0,0
7647,7819,9829,2,2
7648,9851,9830,4,1
7649,7794,9747,3,0
7650,6391,8121,0,2
7651,8639,9827,0,0
7652,8689,9853,0,1
7653,9748,9851,1,2
7654,8592,10242,6,0
7655,10249,9847,0,1
7656,9830,9837,1,0
7657,9831,7819,2,1
7658,9941,9829,1,1
7659,9829,9837,2,2
7660,9747,9853,2,0
7661,10242,9847,0,9
7662,8689,8592,1,1
7663,9830,8121,2,0
7664,6391,7819,1,0
7665,10249,9831,0,2
7666,7794,8639,1,2
7667,9851,9748,2,2
7668,9941,9827,4,0
7669,8121,8689,5,1
7670,9853,10249,3,0
7671,9827,7794,1,1
7672,8639,9941,1,0
7673,9831,6391,3,0
7674,8592,9851,2,5
7675,9748,9830,2,0
7676,9847,9829,0,2
7677,7819,10242,2,1
7678,9837,9747,0,1
7679,9829,9827,1,2
7680,9747,10249,2,2
7681,10242,8121,0,1
7682,8689,9748,1,3
7683,9830,8639,0,3
7684,6391,9853,0,2
7685,9847,9831,4,1
7686,7794,8592,2,1
7687,9851,9837,3,1
7688,9941,7819,2,0
7689,8121,6391,0,0
7690,9853,10242,1,0
7691,9747,9847,0,2
7692,8639,9829,4,1
7693,10249,9748,0,2
7694,9831,9851,3,0
7695,8592,9827,0,0
7696,7819,8689,1,2
7697,9837,9830,2,1
7698,9941,7794,4,0
7699,9829,8592,2,1
7700,10242,9837,2,1
7701,9827,8121,1,3
7702,8689,9941,1,1
7703,9830,10249,0,2
7704,6391,8639,2,4
7705,9748,9831,1,1
7706,9847,7819,6,0
7707,7794,9853,0,1
7708,9851,9747,0,3
7709,9853,8689,2,0
7710,9747,7819,1,1
7711,9827,9847,1,1
7712,6391,7794,3,2
7713,8639,8121,0,0
7714,10249,10242,4,1
7715,9831,9837,2,0
7716,8592,9830,1,1
7717,9851,9829,1,1
7718,9941,9748,2,3
7719,8121,8592,0,1
7720,9829,9747,3,2
7721,9853,9941,0,0
7722,10242,9827,2,4
7723,8689,8639,0,1
7724,9830,9831,1,0
7725,9748,6391,2,1
7726,9847,9851,4,0
7727,7819,7794,0,0
7728,9837,10249,2,3
7729,9827,8689,3,0
7730,9830,7819,1,2
7731,6391,9847,0,4
7732,8639,9747,0,0
7733,10249,9851,2,0
7734,9831,9853,2,0
7735,8592,9837,1,0
7736,9748,9829,6,1
7737,7794,8121,1,0
7738,9941,10242,1,0
7739,8121,9941,2,3
7740,9829,10249,2,0
7741,9853,8639,0,1
7742,9747,9831,2,3
7743,10242,8592,1,1
7744,8689,6391,1,0
7745,9847,9830,4,0
7746,7819,9827,1,0
7747,9837,9748,4,1
7748,9851,7794,1,2
7749,8121,9831,1,1
7750,9827,9830,2,0
7751,7819,9748,0,4
7752,9747,8592,2,0
7753,8639,6391,1,0
7754,9829,9847,0,3
7755,9837,8689,4,1
7756,9851,9941,3,1
7757,9853,7794,2,1
7758,10242,10249,0,0
7759,6391,9829,0,1
7760,8689,8121,3,1
7761,9748,8639,0,0
7762,8592,7794,4,1
7763,10249,9853,1,2
7764,9830,9851,0,2
7765,9831,9747,0,1
7766,9847,9827,2,2
7767,9941,9837,2,2
7768,10242,7819,1,3
7769,8121,10242,1,0
7770,7794,9831,1,3
7771,9827,9941,1,1
7772,7819,10249,2,1
7773,9747,6391,2,1
7774,8592,9748,1,1
7775,9829,8689,2,3
7776,9837,9847,1,1
7777,9851,8639,1,1
7778,9853,9830,2,0
7779,8121,9837,0,0
7780,6391,9851,1,1
7781,8639,9830,0,1
7782,8689,7819,2,0
7783,9748,7794,2,0
7784,10249,9829,2,3
7785,9831,9827,6,1
7786,9847,9747,3,0
7787,9941,8592,1,1
7788,10242,9853,0,1
7789,7794,9941,3,0
7790,9827,9748,3,1
7791,7819,6391,2,0
7792,9747,9829,3,3
7793,8592,8121,1,2
7794,10249,8689,2,1
7795,9830,9847,1,4
7796,9837,8639,1,0
7797,9851,10242,1,1
7798,9853,9831,1,4
7799,8121,7794,1,0
7800,7819,9853,1,0
7801,6391,9941,2,2
7802,8639,10249,2,0
7803,8689,9827,3,2
7804,9748,9837,1,0
7805,9829,9851,1,1
7806,9847,8592,2,1
7807,10242,9747,0,1
7808,9831,9830,1,2
9951,9823,9790,5,0
9952,9789,9788,4,0
9953,8178,8226,2,1
9954,8721,9810,2,1
9955,10269,8722,1,3
9956,8406,8177,0,1
9957,8697,10189,0,3
9958,9905,8234,0,1
9959,8262,9904,2,2
9960,9823,8722,4,0
9961,9789,8406,5,1
9962,8178,10269,4,3
9963,9788,10189,3,1
9964,9904,9810,1,2
9965,8226,9790,0,1
9966,9905,8697,1,3
9967,8234,8177,0,1
9968,8262,8721,0,1
9969,10189,8234,1,1
9970,8721,8178,2,1
9971,9790,9904,1,2
9972,10269,8262,2,0
9973,8406,9905,3,3
9974,8697,9789,1,3
9975,9810,9823,0,0
9976,8722,8226,0,0
9977,8177,9788,1,4
9978,9823,10269,4,0
9979,9789,10189,3,2
9980,8178,8722,1,2
9981,9788,8234,0,0
9982,8406,8697,1,2
9983,9904,8177,1,3
9984,8226,9810,0,0
9985,9905,8721,2,0
9986,8262,9790,1,1
9987,10189,9823,1,3
9988,9788,9904,2,1
9989,8721,8697,6,0
9990,9790,9789,3,1
9991,10269,8406,0,4
9992,9810,8178,1,3
9993,8722,9905,0,0
9994,8177,8226,1,0
9995,8234,8262,3,1
9996,9823,8177,2,0
9997,9789,10269,4,1
9998,8178,10189,1,1
9999,8406,8721,0,0
10000,8697,9790,1,3
10001,9904,8234,4,0
10002,8226,9788,3,3
10003,9905,9810,2,1
10004,8262,8722,0,0
10005,10189,9904,3,1
10006,9788,9823,3,1
10007,8721,9789,1,2
10008,9790,9905,1,3
10009,10269,8697,1,1
10010,9810,8262,0,1
10011,8722,8406,0,1
10012,8177,8178,2,1
10013,8234,8226,1,1
10014,9823,8234,2,0
10015,9789,9810,4,1
10016,8178,9788,5,0
10017,8721,9790,1,1
10018,8406,10189,2,1
10019,8697,8722,1,1
10020,8226,9904,1,0
10021,9905,10269,0,0
10022,8262,8177,0,4
10023,10189,8226,1,0
10024,9788,8262,3,2
10025,9790,8406,0,1
10026,10269,8721,3,1
10027,9810,8697,2,1
10028,8722,9789,2,1
10029,9904,9823,0,1
10030,8177,9905,2,0
10031,8234,8178,0,1
10032,10189,8697,1,3
10033,9788,9789,1,3
10034,9790,9823,1,2
10035,9810,8721,3,2
10036,8722,10269,1,3
10037,9904,8262,1,2
10038,8177,8406,0,0
10039,8226,8178,1,1
10040,8234,9905,1,0
10041,9823,8226,2,0
10042,9789,8234,2,0
10043,8178,9904,3,0
10044,8721,8722,1,1
10045,10269,9790,2,1
10046,8406,9810,0,0
10047,8697,8177,3,3
10048,9905,9788,1,0
10049,8262,10189,0,2
10050,10189,8262,1,1
10051,9788,9905,1,2
10052,9790,10269,3,2
10053,9810,8406,1,1
10054,8722,8721,1,1
10055,9904,8178,0,1
10056,8177,8697,1,1
10057,8226,9823,1,2
10058,8234,9789,0,4
10059,10189,8721,3,0
10060,8178,9823,0,0
10061,9788,8697,5,1
10062,9790,8722,1,1
10063,9810,10269,2,4
10064,9904,9905,0,1
10065,8177,9789,0,0
10066,8226,8262,0,2
10067,8234,8406,2,1
10068,9789,9904,1,0
10069,8721,8234,2,0
10070,9790,9788,3,2
10071,10269,8177,2,0
10072,8406,9823,1,3
10073,8697,8226,1,1
10074,8722,9810,3,1
10075,9905,10189,2,1
10076,8262,8178,1,2
10077,9823,8262,3,1
10078,10189,10269,1,1
10079,8178,9789,0,1
10080,9788,8722,1,0
10081,9810,9790,0,0
10082,9904,8406,0,1
10083,8177,8721,1,1
10084,8226,9905,3,2
10085,8234,8697,2,0
10086,9789,8226,3,1
10087,8721,9823,0,2
10088,9790,8234,1,1
10089,10269,9904,1,2
10090,8406,9788,2,2
10091,8697,8262,2,2
10092,9810,10189,0,0
10093,8722,8177,0,1
10094,9905,8178,3,1
10095,9823,9905,1,2
10096,10189,9790,3,2
10097,8178,8697,1,4
10098,9788,10269,4,0
10099,9904,8721,0,4
10100,8177,9810,2,0
10101,8226,8406,2,1
10102,8234,8722,1,1
10103,8262,9789,0,2
10104,9789,9823,0,0
10105,8721,9788,2,1
10106,9790,8177,2,0
10107,10269,8226,5,1
10108,8406,8178,3,3
10109,8697,9904,4,1
10110,9810,8234,1,1
10111,8722,10189,1,3
10112,9905,8262,0,0
10113,9823,8697,5,0
10114,9789,9905,2,0
10115,8178,9790,1,0
10116,9788,9810,3,0
10117,9904,8722,0,2
10118,8177,10189,2,0
10119,8226,8721,1,0
10120,8234,10269,3,3
10121,8262,8406,2,2
10122,10189,9788,2,1
10123,8721,8262,1,1
10124,9790,8226,1,3
10125,10269,8178,0,2
10126,8406,9789,1,3
10127,8697,9905,1,1
10128,9810,9904,1,0
10129,8722,9823,0,1
10130,8177,8234,2,1
10131,9823,9810,1,0
10132,9789,8697,3,2
10133,8178,8721,3,0
10134,9788,8177,5,0
10135,9904,9790,0,3
10136,8226,8722,1,1
10137,9905,8406,4,2
10138,8234,10189,3,0
10139,8262,10269,2,2
10140,10189,9789,2,2
10141,8721,9905,1,1
10142,9790,8262,1,2
10143,10269,9823,1,3
10144,8697,8406,1,2
10145,9810,8226,0,2
10146,8722,8178,0,2
10147,8177,9904,2,2
10148,8234,9788,1,0
10149,9823,8178,3,0
10150,9789,8177,3,1
10151,8721,10189,3,0
10152,10269,9810,1,4
10153,8406,8234,0,1
10154,8697,9788,2,1
10155,8722,9790,2,1
10156,9905,9904,3,0
10157,8262,8226,0,0
10158,9823,10189,3,0
10159,9789,9790,3,0
10160,8178,9810,3,0
10161,8406,10269,1,0
10162,8697,8721,3,2
10163,9904,9788,2,0
10164,8226,8177,2,1
10165,9905,8722,2,3
10166,8262,8234,2,0
10167,10189,8178,2,3
10168,9788,8226,3,1
10169,8721,8406,0,2
10170,9790,8697,2,1
10171,10269,9789,0,3
10172,9810,9905,2,1
10173,8722,8262,4,1
10174,8177,9823,0,2
10175,8234,9904,2,2
10176,9823,9788,1,1
10177,9789,8721,5,1
10178,8178,8177,2,1
10179,8406,8722,0,0
10180,8697,10269,6,2
10181,9904,10189,1,3
10182,8226,8234,2,1
10183,9905,9790,0,0
10184,8262,9810,1,2
10185,10189,8406,1,1
10186,9788,8178,2,1
10187,9790,8721,0,1
10188,10269,9905,1,3
10189,9810,9789,1,0
10190,8722,8697,0,0
10191,9904,8226,1,0
10192,8177,8262,1,2
10193,8234,9823,1,2
10194,9823,9904,3,1
10195,9789,8722,2,2
10196,8178,8234,3,2
10197,8721,10269,3,1
10198,8406,9790,1,3
10199,8697,9810,1,0
10200,8226,10189,1,4
10201,9905,8177,0,0
10202,8262,9788,0,2
10203,9823,8406,2,1
10204,10189,9905,2,1
10205,8178,8262,0,1
10206,9788,9790,0,3
10207,9810,8722,6,2
10208,9904,9789,2,4
10209,8177,10269,2,1
10210,8226,8697,1,3
10211,8234,8721,0,0
10212,9789,8178,3,0
10213,8721,8177,2,0
10214,9790,9810,0,0
10215,10269,10189,0,1
10216,8406,9904,2,0
10217,8697,8234,0,1
10218,8722,9788,1,0
10219,9905,8226,3,1
10220,8262,9823,0,3
10221,9823,8721,5,1
10222,10189,9810,2,0
10223,8178,9905,1,0
10224,9788,8406,4,2
10225,9904,10269,1,3
10226,8177,8722,2,0
10227,8226,9789,1,1
10228,8234,9790,0,1
10229,8262,8697,2,1
10230,9789,8262,2,2
10231,8721,9904,1,1
10232,9790,10189,0,1
10233,10269,9788,1,3
10234,8406,8226,1,3
10235,8697,8178,0,3
10236,9810,8177,1,1
10237,8722,8234,1,1
10238,9905,9823,0,3
10239,9823,9789,5,1
10240,10189,8722,0,3
10241,8178,8406,1,1
10242,9788,8721,2,0
10243,9904,8697,1,0
10244,8177,9790,3,0
10245,8226,10269,2,2
10246,8234,9810,2,0
10247,8262,9905,2,3
10248,10189,8177,2,1
10249,8721,8226,4,2
10250,9790,8178,0,0
10251,10269,8234,1,0
10252,8406,8262,0,2
10253,8697,9823,0,1
10254,9810,9788,1,5
10255,8722,9904,0,1
10256,9905,9789,0,2
12894,8534,8533,1,3
12895,8535,8564,2,0
12896,9891,9804,1,2
12897,9876,8686,1,1
12898,8636,8524,1,0
12899,9885,8600,0,1
12900,8543,9857,2,1
12901,8540,10233,1,0
12902,9882,208931,5,2
12903,7943,9875,2,1
12904,8524,8543,2,1
12905,9857,8636,0,1
12906,9891,208931,2,1
12907,9876,8535,0,2
12908,8564,8533,1,0
12909,9875,8540,2,0
12910,8686,8600,3,1
12911,9882,8534,1,1
12912,7943,9885,1,0
12913,9804,10233,3,3
12914,9857,8524,3,0
12915,208931,9876,0,0
12916,8533,9882,1,1
12917,8535,9891,4,1
12918,10233,9875,0,0
12919,8636,8686,1,0
12920,9885,9804,2,1
12921,8543,8564,1,3
12922,8540,8534,0,1
12923,8600,7943,0,0
12924,8534,9885,1,3
12925,9891,10233,2,2
12926,9876,9857,0,2
12927,8564,8524,0,0
12928,9875,8600,1,0
12929,8540,8533,1,0
12930,8686,8543,2,0
12931,9882,8535,0,2
12932,7943,208931,1,0
12933,9804,8636,0,1
12934,8524,9804,0,1
12935,9857,8686,2,2
12936,208931,8533,1,2
12937,8535,8534,2,2
12938,10233,7943,2,1
12939,9876,9875,0,2
12940,8636,9891,4,0
12941,9885,8564,1,0
12942,8543,8540,1,1
12943,8600,9882,1,0
12944,8533,8600,2,3
12945,8534,8543,1,0
12946,9891,9876,3,2
12947,10233,208931,1,2
12948,8564,9882,4,1
12949,9875,8636,2,1
12950,8540,9885,0,3
12951,8686,8524,0,2
12952,7943,8535,1,1
12953,9804,9857,2,0
12954,8524,8540,3,0
12955,9857,9875,3,2
12956,208931,8564,0,0
12957,8535,8600,3,0
12958,9891,8533,0,2
12959,9876,8534,0,1
12960,8636,10233,1,0
12961,8543,9885,0,2
12962,9882,7943,1,3
12963,9804,8686,1,1
12964,8533,8524,1,0
12965,8534,208931,3,0
12966,10233,9857,0,1
12967,9885,8535,3,1
12968,8543,9882,1,1
12969,8564,9876,1,1
12970,9875,8686,0,0
12971,8540,9891,4,1
12972,7943,9804,1,1
12973,8600,8636,0,4
12974,8524,9875,1,3
12975,9857,8534,2,3
12976,208931,9885,2,3
12977,8535,8533,2,0
12978,9891,8564,2,4
12979,9876,7943,1,1
12980,8636,8543,1,2
12981,8686,10233,2,0
12982,9882,8540,2,0
12983,9804,8600,0,1
12984,8533,8686,3,3
12985,8534,8636,0,1
12986,10233,9882,2,3
12987,9885,9876,3,0
12988,8543,208931,0,0
12989,8564,9857,0,1
12990,9875,9804,2,1
12991,8540,8535,1,3
12992,7943,9891,2,2
12993,8600,8524,2,1
12994,8524,10233,0,2
12995,9857,8533,0,1
12996,208931,8600,2,1
12997,8535,8543,1,3
12998,9891,9875,1,5
12999,9876,8540,0,1
13000,8636,7943,0,1
13001,8686,8564,1,1
13002,9882,9885,1,2
13003,9804,8534,0,1
13004,8524,9891,2,0
13005,9857,7943,0,1
13006,208931,8636,1,2
13007,8533,8543,4,0
13008,10233,9876,2,0
13009,8564,8534,2,1
13010,9875,9882,2,2
13011,8686,9885,2,1
13012,9804,8535,3,1
13013,8600,8540,0,1
13014,8533,8534,1,1
13015,8564,8535,2,0
13016,9804,9891,4,2
13017,8686,9876,1,1
13018,8524,8636,1,1
13019,8600,9885,0,4
13020,9857,8543,2,2
13021,10233,8540,4,0
13022,208931,9882,2,1
13023,9875,7943,3,1
13024,9891,8524,0,0
13025,7943,9857,0,2
13026,8636,208931,1,1
13027,8543,8533,4,1
13028,9876,10233,1,1
13029,8534,8564,2,2
13030,9882,9875,2,4
13031,9885,8686,1,0
13032,8535,9804,2,0
13033,8540,8600,4,1
13034,9875,8534,5,1
13035,10233,8535,0,0
13036,8686,9891,3,1
13037,9804,9876,0,0
13038,8564,8636,3,0
13039,8533,9885,0,4
13040,8600,8543,0,0
13041,208931,8540,1,1
13042,9857,9882,3,2
13043,8524,7943,1,1
13044,9876,8524,2,1
13045,9891,9857,1,0
13046,8535,208931,2,1
13047,8636,8533,1,0
13048,9885,10233,1,0
13049,8540,8564,0,2
13050,8543,9875,0,2
13051,7943,8686,0,2
13052,9882,9804,2,2
13053,8534,8600,1,1
13054,9875,208931,1,0
13055,9804,8533,1,2
13056,8524,8534,0,0
13057,9857,8535,1,1
13058,9876,8636,3,3
13059,9891,9885,0,2
13060,10233,8543,0,0
13061,7943,8540,2,2
13062,8686,9882,2,1
13063,8564,8600,1,1
13064,9882,8524,0,0
13065,8600,9857,0,1
13066,8534,9891,1,2
13067,8564,10233,2,1
13068,8543,9876,5,2
13069,8535,8636,2,1
13070,9885,9875,1,0
13071,208931,8686,1,3
13072,8533,7943,1,1
13073,8540,9804,1,3
13074,9804,208931,0,0
13075,9876,8533,3,1
13076,7943,8534,3,2
13077,8524,8535,2,3
13078,9857,9885,0,0
13079,9891,8543,0,0
13080,9875,8564,1,1
13081,8686,8540,5,0
13082,8636,9882,3,1
13083,10233,8600,2,1
13084,208931,8524,1,1
13085,8540,9857,0,0
13086,9882,9891,2,0
13087,8533,10233,1,0
13088,8600,9876,2,0
13089,9885,8636,2,0
13090,8535,9875,1,1
13091,8534,8686,1,3
13092,8543,7943,0,2
13093,8564,9804,1,0
13094,9857,208931,0,0
13095,9875,8533,3,1
13096,10233,8534,1,0
13097,8686,8535,4,1
13098,8524,9885,0,2
13099,9804,8543,1,1
13100,7943,8564,2,0
13101,8636,8540,3,1
13102,9876,9882,0,3
13103,9891,8600,2,0
13104,8543,8524,2,0
13105,8636,9857,2,1
13106,208931,9891,2,1
13107,8535,9876,1,1
13108,8533,8564,0,0
13109,8540,9875,0,1
13110,8600,8686,1,2
13111,8534,9882,1,1
13112,9885,7943,1,0
13113,10233,9804,3,2
13114,8534,9875,2,2
13115,8535,10233,1,0
13116,9891,8686,0,2
13117,9876,9804,2,2
13118,8636,8564,1,0
13119,9885,8533,1,1
13120,8543,8600,2,0
13121,8540,208931,2,2
13122,9882,9857,2,0
13123,7943,8524,2,2
13124,8524,9857,2,0
13125,9876,208931,1,2
13126,9882,8533,0,1
13127,9891,8535,0,0
13128,9875,10233,3,1
13129,8686,8636,1,1
13130,9804,9885,1,4
13131,8564,8543,1,1
13132,8534,8540,0,0
13133,7943,8600,1,1
13134,9885,8534,1,0
13135,10233,9891,4,0
13136,9857,9876,0,1
13137,8524,8564,2,1
13138,8600,9875,3,1
13139,8533,8540,3,1
13140,8543,8686,1,4
13141,8535,9882,1,1
13142,208931,7943,1,3
13143,8636,9804,1,2
13144,9804,8524,2,1
13145,8686,9857,1,1
13146,8533,208931,1,0
13147,8534,8535,2,0
13148,7943,10233,0,1
13149,9875,9876,3,0
13150,9891,8636,0,1
13151,8564,9885,1,2
13152,8540,8543,0,3
13153,9882,8600,2,0
13154,8600,8533,0,0
13155,8543,8534,2,0
13156,9876,9891,1,2
13157,208931,10233,4,1
13158,9882,8564,0,1
13159,8636,9875,2,0
13160,9885,8540,4,0
13161,8524,8686,3,3
13162,8535,7943,3,1
13163,9857,9804,0,1
13164,8540,8524,2,2
13165,9875,9857,6,0
13166,8564,208931,0,0
13167,8600,8535,2,1
13168,8533,9891,5,1
13169,8534,9876,1,0
13170,10233,8636,1,0
13171,9885,8543,3,0
13172,7943,9882,0,0
13173,8686,9804,3,2
13174,8524,8533,1,0
13175,208931,8534,1,0
13176,9857,10233,2,0
13177,8535,9885,1,2
13178,9882,8543,2,1
13179,9876,8564,2,1
13180,8686,9875,1,0
13181,9891,8540,0,2
13182,9804,7943,1,3
13183,8636,8600,3,1
13184,9875,8524,2,1
13185,8534,9857,0,0
13186,9885,208931,2,0
13187,8533,8535,0,0
13188,8564,9891,3,3
13189,7943,9876,1,0
13190,8543,8636,2,0
13191,10233,8686,2,3
13192,8540,9882,2,0
13193,8600,9804,1,5
13194,8686,8533,3,0
13195,8636,8534,2,1
13196,9882,10233,0,3
13197,9876,9885,2,1
13198,208931,8543,1,3
13199,9857,8564,0,1
13200,9804,9875,1,2
13201,8535,8540,0,0
13202,9891,7943,0,1
13203,8524,8600,1,1
13204,10233,8524,1,2
13205,8533,9857,0,0
13206,8600,208931,1,2
13207,8543,8535,2,4
13208,9875,9891,4,0
13209,8540,9876,3,2
13210,7943,8636,3,1
13211,8564,8686,1,3
13212,9885,9882,5,0
13213,8534,9804,2,1
13214,8524,9876,1,1
13215,9857,9891,1,0
13216,208931,8535,0,1
13217,8533,8636,0,1
13218,10233,9885,0,2
13219,8564,8540,3,2
13220,9875,8543,5,0
13221,8686,7943,2,2
13222,9804,9882,2,0
13223,8600,8534,1,2
13224,208931,9875,0,0
13225,8533,9804,1,0
13226,8534,8524,0,1
13227,8535,9857,2,0
13228,8636,9876,1,0
13229,9885,9891,1,1
13230,8543,10233,2,0
13231,8540,7943,0,1
13232,9882,8686,2,1
13233,8600,8564,2,3
13234,8524,9882,2,1
13235,9857,8600,1,2
13236,9891,8534,2,0
13237,10233,8564,1,0
13238,9876,8543,1,2
13239,8636,8535,1,4
13240,9875,9885,2,1
13241,8686,208931,5,1
13242,7943,8533,1,1
13243,9804,8540,2,1
13244,208931,9804,2,1
13245,8533,9876,1,1
13246,8534,7943,1,0
13247,8535,8524,3,0
13248,9885,9857,3,1
13249,8543,9891,2,0
13250,8564,9875,0,4
13251,8540,8686,2,4
13252,9882,8636,1,1
13253,8600,10233,1,1
13254,8524,208931,3,0
13255,9857,8540,0,1
13256,9891,9882,2,0
13257,10233,8533,3,2
13258,9876,8600,1,1
13259,8636,9885,0,0
13260,9875,8535,2,1
13261,8686,8534,3,1
13262,7943,8543,2,1
13263,9804,8564,1,1
13264,208931,9857,1,2
13265,8533,9875,0,1
13266,8534,10233,2,0
13267,8535,8686,1,2
13268,9885,8524,2,0
13269,8543,9804,3,0
13270,8564,7943,2,1
13271,8540,8636,1,1
13272,9882,9876,4,1
13273,8600,9891,1,0
15416,10228,8526,3,1
15417,6413,7788,2,2
15418,9803,9791,3,1
15419,10217,8640,2,2
15420,10235,9908,3,2
15421,10229,8593,0,3
15422,8464,10218,1,0
15423,8674,8611,1,1
15424,8525,8277,1,1
15425,6413,9908,1,2
15426,8525,10228,2,2
15427,8526,9791,0,1
15428,8611,8640,1,3
15429,9803,10218,1,2
15430,7788,10217,1,1
15431,8277,8593,1,3
15432,8464,8674,1,1
15433,10235,10229,3,1
15434,9791,8525,2,1
15435,8674,6413,2,0
15436,8593,9803,6,0
15437,10218,8277,0,3
15438,8526,8640,3,6
15439,10217,10235,1,0
15440,10228,7788,2,0
15441,9908,8611,4,2
15442,10229,8464,2,4
15443,9803,10217,1,1
15444,8611,10228,1,4
15445,8464,8526,2,0
15446,8525,10218,2,3
15447,6413,9791,1,1
15448,8640,9908,3,1
15449,7788,8674,2,2
15450,10235,8593,1,1
15451,8277,10229,0,2
15452,10229,10228,3,1
15453,9803,6413,0,5
15454,8593,7788,5,1
15455,8525,8640,2,2
15456,8526,8674,1,2
15457,9791,10218,0,0
15458,10235,8611,5,0
15459,8464,9908,1,0
15460,10217,8277,2,2
15461,7788,8526,2,3
15462,10228,9803,3,0
15463,10218,10235,2,4
15464,8611,8525,1,3
15465,8277,8464,1,0
15466,6413,8593,0,2
15467,8674,10217,2,1
15468,9908,9791,4,2
15469,8640,10229,3,0
15470,10229,10217,0,1
15471,10218,8611,1,1
15472,8526,9908,0,1
15473,8277,8640,0,1
15474,8593,10228,5,2
15475,8525,7788,3,0
15476,10235,9791,3,0
15477,8464,6413,2,2
15478,9803,8674,0,0
15479,10228,10218,2,1
15480,8611,8526,2,1
15481,7788,8464,3,1
15482,8640,9803,1,1
15483,10217,8525,1,1
15484,9908,8593,1,0
15485,6413,10229,2,1
15486,8674,10235,1,1
15487,9791,8277,1,1
15488,8277,8611,5,1
15489,8525,9803,3,2
15490,9791,8674,2,1
15491,8640,6413,3,2
15492,10229,9908,2,2
15493,10218,7788,1,4
15494,10228,10217,0,4
15495,8464,10235,3,1
15496,8593,8526,2,1
15497,8611,9791,4,0
15498,7788,8277,0,2
15499,6413,10228,5,2
15500,9803,10229,0,1
15501,8526,10218,2,0
15502,10217,8593,0,1
15503,10235,8640,0,2
15504,8674,9908,1,4
15505,8464,8525,1,0
15506,8674,8464,0,0
15507,9791,8526,2,1
15508,8593,8277,1,0
15509,10218,9803,0,1
15510,10228,8525,3,1
15511,10229,10235,4,2
15512,9908,6413,1,0
15513,8640,8611,4,2
15514,10217,7788,2,1
15515,8277,9803,3,0
15516,8526,6413,0,3
15517,8593,8525,3,0
15518,8611,10217,1,4
15519,10218,10229,2,2
15520,8640,8674,2,0
15521,7788,10235,0,2
15522,9908,10228,1,1
15523,9791,8464,3,0
15524,8525,8674,1,1
15525,8593,9791,0,0
15526,10229,7788,3,1
15527,8464,8611,2,0
15528,8526,10217,3,1
15529,10218,8640,1,3
15530,8277,6413,1,1
15531,9803,9908,1,0
15532,10235,10228,1,2
15533,8525,9791,0,0
15534,8277,10218,0,0
15535,6413,8674,1,3
15536,8640,8526,4,2
15537,8464,10229,0,3
15538,9803,8593,2,2
15539,7788,10228,0,1
15540,10235,10217,0,2
15541,8611,9908,3,1
15542,10218,8525,0,0
15543,10217,9803,2,2
15544,10228,8611,1,3
15545,10229,8277,1,0
15546,9791,6413,2,0
15547,8593,10235,2,1
15548,8526,8464,1,1
15549,8674,7788,2,0
15550,9908,8640,0,2
15551,7788,9908,0,2
15552,9791,10229,3,6
15553,8525,8526,0,0
15554,9803,8611,0,1
15555,8277,10228,3,0
15556,8674,8593,1,2
15557,6413,10235,3,1
15558,10218,10217,2,4
15559,8464,8640,0,3
15560,10217,6413,0,2
15561,10229,8674,4,1
15562,10228,8464,1,1
15563,8640,9791,2,0
15564,8611,7788,3,0
15565,10235,9803,1,1
15566,9908,8525,2,1
15567,8593,10218,3,0
15568,8526,8277,2,2
15569,10218,8464,2,0
15570,8611,8674,2,0
15571,7788,6413,1,0
15572,8640,10217,2,0
15573,8277,8525,0,1
15574,9791,9803,0,5
15575,8526,10228,0,1
15576,9908,10235,1,2
15577,8593,10229,4,1
15578,10217,8611,2,1
15579,6413,8526,2,1
15580,10229,10218,2,0
15581,8674,8640,0,3
15582,10228,9908,0,4
15583,8464,9791,1,0
15584,8525,8593,0,4
15585,9803,8277,1,2
15586,10235,7788,3,1
15587,8526,9803,3,0
15588,8525,10229,0,2
15589,8640,10228,1,1
15590,8611,6413,2,1
15591,10218,8674,2,1
15592,9908,10217,2,2
15593,9791,7788,3,1
15594,8277,10235,0,2
15595,8593,8464,2,2
15596,9908,10218,2,1
15597,10228,9791,0,1
15598,10235,8526,3,1
15599,6413,8525,4,1
15600,7788,9803,0,1
15601,8611,10229,2,2
15602,8674,8277,0,3
15603,10217,8464,1,0
15604,8640,8593,0,2
15605,9791,9908,1,1
15606,8526,7788,2,2
15607,10229,8640,2,4
15608,10235,10218,3,0
15609,8525,8611,2,3
15610,8464,8277,2,1
15611,9803,10228,1,2
15612,10217,8674,0,1
15613,8593,6413,3,0
15614,8674,10218,2,0
15615,9803,8526,1,0
15616,10228,8640,1,1
15617,8464,8593,0,2
15618,7788,9791,1,6
15619,6413,8611,2,1
15620,10229,8525,0,0
15621,10217,9908,1,1
15622,10235,8277,2,0
15623,6413,9803,3,1
15624,10218,9791,1,3
15625,7788,8593,0,1
15626,8277,10217,2,2
15627,8640,8525,2,0
15628,10228,10229,4,2
15629,9908,8464,3,1
15630,8674,8526,3,1
15631,8611,10235,0,1
15632,8526,8611,1,1
15633,8277,9791,1,1
15634,10235,8674,1,1
15635,10229,6413,5,1
15636,9803,8640,0,3
15637,8593,9908,2,2
15638,8525,10217,0,2
15639,8464,7788,2,1
15640,10218,10228,1,1
15641,8674,9803,1,0
15642,8640,8277,2,0
15643,8611,10218,2,0
15644,10217,10229,1,2
15645,6413,8464,2,0
15646,10228,8593,0,2
15647,9908,8526,0,2
15648,7788,8525,1,1
15649,9791,10235,2,2
15650,10228,8674,1,2
15651,10229,8526,4,1
15652,8525,10235,0,1
15653,8593,8611,4,0
15654,8640,7788,6,2
15655,10218,6413,2,2
15656,9791,10217,1,1
15657,8277,9908,1,3
15658,8464,9803,1,2
15659,7788,10218,0,2
15660,9908,10229,1,3
15661,10235,8464,1,0
15662,6413,8640,1,3
15663,8526,8593,1,1
15664,9803,8525,2,3
15665,8674,9791,2,1
15666,10217,10228,1,1
15667,8611,8277,2,2
15668,8525,8464,0,1
15669,9908,8674,2,0
15670,10228,6413,1,1
15671,10218,8526,3,0
15672,9791,8611,2,0
15673,8593,10217,4,0
15674,10229,9803,0,1
15675,8277,7788,4,1
15676,8640,10235,3,1
15677,8526,10229,1,3
15678,9803,8464,0,0
15679,8611,8593,2,2
15680,7788,8640,0,6
15681,6413,10218,3,0
15682,8674,10228,3,1
15683,10235,8525,1,0
15684,10217,9791,0,1
15685,9908,8277,2,1
15686,8464,10228,2,0
15687,7788,8611,0,0
15688,6413,10217,2,1
15689,9791,8640,2,1
15690,8525,9908,3,1
15691,9803,10235,1,1
15692,10218,8593,0,2
15693,8277,8526,3,0
15694,8674,10229,2,0
15695,10228,8277,0,0
15696,9908,7788,3,3
15697,8593,8674,2,0
15698,10229,9791,3,1
15699,8640,8464,2,1
15700,8526,8525,2,2
15701,10235,6413,2,0
15702,10217,10218,3,3
15703,8611,9803,2,1
15704,9791,10228,2,0
15705,8464,10217,4,1
15706,9803,7788,1,1
15707,8525,6413,0,1
15708,10218,9908,1,0
15709,8526,10235,1,2
15710,8593,8640,1,2
15711,8277,8674,5,0
15712,10229,8611,3,1
15713,7788,10229,1,1
15714,8674,8525,2,1
15715,9791,8593,0,2
15716,9908,9803,1,1
15717,8640,10218,1,1
15718,8611,8464,1,0
15719,10228,10235,2,5
15720,10217,8526,1,1
15721,6413,8277,1,5
17402,2182,8023,1,2
17403,8030,2186,0,1
17404,8025,8673,1,4
17405,1601,8019,0,2
17406,8021,8033,1,1
17407,8245,1957,3,2
17408,8028,177361,1,0
17409,10265,8020,1,1
17410,8023,1957,2,1
17411,8030,8021,3,1
17412,8025,8028,1,2
17413,8019,8033,1,2
17414,10265,8245,0,0
17415,2186,1601,2,1
17416,8673,177361,1,1
17417,2182,8020,1,1
17418,8245,8033,0,0
17419,8028,10265,1,0
17420,1957,8030,0,3
17421,8021,8025,1,1
17422,177361,8019,1,1
17423,8020,8673,2,2
17424,1601,8023,0,2
17425,2186,2182,5,2
17426,8023,8021,0,0
17427,8030,8020,1,1
17428,8025,8245,0,1
17429,8019,1957,3,2
17430,10265,177361,0,0
17431,8033,8028,2,2
17432,8673,2186,3,1
17433,2182,1601,2,2
17434,8028,8245,0,1
17435,1957,10265,1,4
17436,8021,8019,0,0
17437,177361,8030,0,1
17438,8020,8033,0,2
17439,1601,8025,1,0
17440,2186,8023,4,1
17441,8673,2182,0,1
17442,8023,8020,1,1
17443,8030,8673,1,3
17444,8025,2182,1,1
17445,8019,2186,1,0
17446,10265,1601,0,0
17447,8033,1957,1,1
17448,8245,177361,0,1
17449,8028,8021,2,0
17450,1957,8028,0,2
17451,8021,10265,1,3
17452,177361,8033,0,2
17453,8020,8245,0,1
17454,1601,8030,3,2
17455,2186,8025,4,1
17456,8673,8023,1,0
17457,2182,8019,3,1
17458,8023,2182,0,2
17459,2186,8030,3,0
17460,8673,8025,1,0
17461,8019,1601,0,3
17462,8033,8021,1,2
17463,1957,8245,1,0
17464,177361,8028,3,5
17465,8020,10265,1,1
17466,8025,8023,0,0
17467,8245,8021,0,2
17468,177361,1957,2,0
17469,8020,8019,1,1
17470,8028,1601,3,0
17471,10265,2186,1,2
17472,8033,8673,2,2
17473,8030,2182,0,1
17474,8023,8030,1,0
17475,177361,8025,1,1
17476,8673,8019,2,1
17477,2182,10265,2,0
17478,2186,8033,4,1
17479,1601,8245,2,1
17480,8020,8028,5,2
17481,8021,1957,0,2
17482,8019,8023,2,3
17483,8030,8025,1,0
17484,8021,177361,2,0
17485,1957,8020,2,3
17486,8033,1601,1,1
17487,8028,2186,2,2
17488,10265,8673,0,2
17489,8245,2182,0,1
17490,8023,8025,1,1
17491,8021,8245,0,2
17492,1957,177361,2,0
17493,8019,8020,2,1
17494,1601,8028,2,0
17495,2186,10265,1,1
17496,8673,8033,5,0
17497,2182,8030,2,1
17498,8025,8019,2,1
17499,8030,10265,2,0
17500,8023,8033,2,0
17501,2186,8245,2,2
17502,8673,8028,1,1
17503,1601,1957,0,4
17504,2182,8021,2,0
17505,8020,177361,0,0
17506,10265,8023,0,1
17507,8019,8030,3,1
17508,8033,8025,0,1
17509,8021,8020,2,4
17510,177361,1601,0,1
17511,1957,2186,2,2
17512,8245,8673,1,3
17513,8028,2182,2,0
17514,8025,10265,1,0
17515,8030,8033,5,0
17516,8023,8245,3,2
17517,8019,8028,0,0
17518,8673,1957,4,0
17519,1601,8021,0,0
17520,2182,177361,5,2
17521,2186,8020,3,0
17522,8028,8023,0,0
17523,8245,8030,4,2
17524,1957,8025,2,1
17525,10265,8019,1,1
17526,8020,1601,0,2
17527,177361,2186,1,1
17528,8021,8673,1,2
17529,8033,2182,4,1
17530,10265,8033,1,2
17531,8019,8245,3,2
17532,8030,8028,3,1
17533,2182,1957,0,2
17534,2186,8021,1,2
17535,8023,177361,1,1
17536,8025,8020,0,0
17537,8673,1601,2,0
17538,1957,8023,0,0
17539,8021,8030,1,0
17540,8028,8025,1,0
17541,8033,8019,2,0
17542,8245,10265,1,1
17543,1601,2186,2,3
17544,177361,8673,3,0
17545,8020,2182,0,2
17546,8033,8245,1,1
17547,10265,8028,1,1
17548,8030,1957,5,1
17549,8025,8021,0,2
17550,8019,177361,1,2
17551,8673,8020,3,1
17552,8023,1601,2,3
17553,2182,2186,2,1
17554,8021,8023,1,1
17555,8020,8030,1,1
17556,8245,8025,2,2
17557,1957,8019,1,0
17558,177361,10265,2,4
17559,8028,8033,3,2
17560,2186,8673,1,2
17561,1601,2182,1,3
17562,8245,8028,1,1
17563,10265,1957,5,1
17564,8019,8021,0,2
17565,8030,177361,1,1
17566,8033,8020,0,0
17567,8025,1601,0,0
17568,8023,2186,2,2
17569,2182,8673,0,2
17570,8020,8023,1,1
17571,8673,8030,1,1
17572,2182,8025,0,1
17573,2186,8019,0,0
17574,1601,10265,2,3
17575,1957,8033,0,3
17576,177361,8245,0,1
17577,8021,8028,4,1
17578,8030,8023,1,1
17579,8025,177361,2,0
17580,8019,8673,0,2
17581,10265,2182,2,0
17582,8033,2186,0,1
17583,8245,1601,1,2
17584,8028,8020,3,2
17585,1957,8021,1,2
17586,8028,1957,2,0
17587,10265,8021,1,1
17588,8033,177361,2,0
17589,8245,8020,2,1
17590,8030,1601,2,0
17591,8025,2186,2,1
17592,8023,8673,0,0
17593,8019,2182,0,1
17594,8023,8019,0,0
17595,8025,8030,0,0
17596,177361,8021,1,0
17597,8020,1957,1,3
17598,1601,8033,1,1
17599,2186,8028,1,2
17600,8673,10265,1,1
17601,2182,8245,0,0
17602,8019,8025,2,3
17603,10265,8030,3,3
17604,8033,8023,2,3
17605,8245,2186,0,3
17606,8028,8673,2,1
17607,1957,1601,2,1
17608,8021,2182,2,1
17609,177361,8020,3,0
17610,8023,10265,1,1
17611,8030,8019,3,1
17612,8025,8033,1,1
17613,8020,8021,2,2
17614,1601,177361,4,1
17615,2186,1957,1,1
17616,8673,8245,1,2
17617,2182,8028,0,1
17618,10265,8025,4,2
17619,8033,8030,1,1
17620,8245,8023,1,1
17621,8028,8019,3,0
17622,1957,8673,1,1
17623,8021,1601,3,1
17624,177361,2182,3,1
17625,8020,2186,1,1
17626,8023,8028,3,1
17627,8030,8245,0,0
17628,8025,1957,3,1
17629,8019,10265,1,0
17630,1601,8020,1,0
17631,2186,177361,2,3
17632,8673,8021,2,2
17633,2182,8033,0,1
17634,8033,10265,0,6
17635,8245,8019,0,2
17636,8028,8030,2,1
17637,1957,2182,1,0
17638,8021,2186,4,2
17639,177361,8023,1,1
17640,8020,8025,2,0
17641,1601,8673,1,4
19388,9807,7841,3,3
19389,9772,7842,4,0
19390,10264,10214,2,1
19391,6403,10215,1,0
19392,8348,158085,0,2
19393,10238,8613,2,2
19394,9773,7844,3,0
19395,6367,10212,2,1
19396,188163,9768,1,2
19397,158085,9768,0,1
19398,9807,188163,2,1
19399,9772,8613,2,0
19400,7844,10214,0,1
19401,10212,7841,3,2
19402,9773,10238,2,0
19403,7842,10215,1,1
19404,6367,10264,0,1
19405,8348,6403,2,0
19406,10215,158085,1,1
19407,8613,7844,1,2
19408,10238,6367,2,2
19409,9768,9807,1,0
19410,10264,9772,0,2
19411,6403,7842,2,0
19412,10214,10212,3,1
19413,7841,8348,0,1
19414,188163,9773,0,1
19415,158085,8613,3,2
19416,9807,10238,0,3
19417,7842,10214,1,1
19418,7844,7841,3,1
19419,10212,9768,0,1
19420,9772,10215,3,0
19421,8348,10264,0,0
19422,9773,6403,2,1
19423,6367,188163,2,0
19424,10215,9807,4,3
19425,8613,7842,1,1
19426,6403,6367,6,0
19427,7844,10212,3,4
19428,10214,9773,1,2
19429,7841,158085,3,1
19430,10238,9772,2,4
19431,188163,10264,0,1
19432,9768,8348,3,1
19433,158085,10212,4,1
19434,9807,8613,1,0
19435,9772,7841,3,1
19436,10264,6403,1,1
19437,7842,7844,0,1
19438,8348,10214,2,0
19439,9773,10215,3,1
19440,188163,10238,1,3
19441,6367,9768,1,0
19442,10215,6367,3,1
19443,8613,8348,0,3
19444,7841,188163,2,3
19445,10214,158085,2,2
19446,6403,9807,2,2
19447,7844,9772,0,1
19448,10238,10264,1,1
19449,10212,7842,1,1
19450,9768,9773,2,0
19451,158085,7842,1,0
19452,9807,10214,2,2
19453,9772,10212,6,0
19454,9773,7841,1,1
19455,10238,9768,0,6
19456,10264,10215,3,0
19457,6367,8613,1,0
19458,188163,6403,0,2
19459,8348,7844,3,4
19460,10215,188163,2,1
19461,8613,9773,0,5
19462,6403,10238,2,1
19463,10212,8348,5,1
19464,7841,6367,1,0
19465,7844,158085,2,2
19466,7842,9807,2,0
19467,10214,9772,1,4
19468,9768,10264,3,2
19469,7841,9807,1,2
19470,7842,9772,1,2
19471,10214,10264,2,3
19472,10215,6403,1,1
19473,158085,8348,1,2
19474,8613,10238,4,0
19475,7844,9773,1,0
19476,10212,6367,0,1
19477,9768,188163,2,2
19478,10238,10215,2,1
19479,9772,158085,3,1
19480,188163,8613,1,2
19481,8348,7842,1,3
19482,9773,10212,1,0
19483,6367,10214,3,0
19484,9807,7844,3,3
19485,10264,7841,5,1
19486,6403,9768,1,3
19487,10215,10238,0,4
19488,158085,9772,1,0
19489,8613,188163,1,0
19490,7842,8348,2,0
19491,10212,9773,1,1
19492,10214,6367,1,0
19493,7844,9807,1,1
19494,7841,10264,1,0
19495,9768,6403,1,1
19496,9768,10215,3,2
19497,10212,9807,1,2
19498,8348,9772,1,4
19499,158085,6403,2,2
19500,8613,10264,0,0
19501,7842,9773,1,3
19502,7844,6367,3,1
19503,10214,188163,3,1
19504,7841,10238,2,1
19505,9773,158085,1,2
19506,6403,8613,0,1
19507,188163,7844,1,1
19508,10238,10212,1,1
19509,6367,8348,0,1
19510,9768,7841,0,0
19511,10215,10214,2,2
19512,9807,9772,0,5
19513,10264,7842,2,0
19514,8613,10215,0,0
19515,8348,9807,2,3
19516,10212,10264,1,3
19517,7841,6403,1,1
19518,158085,6367,3,0
19519,9772,9773,1,2
19520,7842,188163,2,1
19521,7844,10238,2,2
19522,10214,9768,0,4
19523,9807,158085,0,2
19524,6403,9772,1,3
19525,9768,8613,2,0
19526,6367,7842,1,1
19527,188163,10212,3,4
19528,9773,8348,3,2
19529,10238,10214,1,1
19530,10215,7841,0,2
19531,10264,7844,3,3
19532,10212,10215,1,0
19533,10214,6403,3,0
19534,158085,10264,0,0
19535,9807,9773,1,2
19536,9772,6367,2,0
19537,8613,7841,1,2
19538,7842,10238,3,0
19539,7844,9768,0,0
19540,8348,188163,1,2
19541,188163,158085,0,1
19542,6367,9807,0,0
19543,9768,9772,0,1
19544,7841,7842,1,3
19545,10238,8348,0,1
19546,10215,7844,2,0
19547,8613,10214,0,1
19548,10264,9773,3,1
19549,6403,10212,2,2
19550,8348,10215,2,2
19551,10212,8613,0,3
19552,7844,6403,0,1
19553,158085,10238,1,0
19554,9807,10264,3,0
19555,9772,188163,4,1
19556,7842,9768,1,2
19557,10214,7841,1,0
19558,9773,6367,3,2
19559,9768,158085,5,1
19560,188163,9807,2,2
19561,8613,9772,0,1
19562,10214,7844,3,2
19563,7841,10212,1,0
19564,10238,9773,0,1
19565,10215,7842,0,3
19566,10264,6367,2,0
19567,6403,8348,0,0
19568,158085,10215,3,2
19569,7844,8613,1,1
19570,6367,10238,2,2
19571,9807,9768,2,5
19572,9772,10264,5,1
19573,7842,6403,1,0
19574,10212,10214,2,0
19575,8348,7841,0,1
19576,9773,188163,0,1
19577,8613,158085,0,0
19578,10238,9807,0,1
19579,10214,7842,4,1
19580,7841,7844,2,0
19581,9768,10212,3,1
19582,10215,9772,1,2
19583,10264,8348,1,1
19584,6403,9773,1,0
19585,188163,6367,1,0
19586,10215,9768,1,3
19587,9807,10212,1,1
19588,9772,8348,3,2
19589,6403,158085,1,1
19590,10264,8613,4,0
19591,9773,7842,2,0
19592,6367,7844,0,0
19593,188163,10214,1,0
19594,10238,7841,2,2
19595,9807,10215,1,1
19596,7842,8613,1,0
19597,6367,6403,3,4
19598,10212,7844,3,0
19599,9773,10214,4,0
19600,158085,7841,0,0
19601,9772,10238,2,1
19602,10264,188163,3,0
19603,8348,9768,0,1
19604,10212,158085,1,2
19605,8613,9807,1,0
19606,7841,9772,0,1
19607,6403,10264,1,0
19608,7844,7842,1,1
19609,10214,8348,0,1
19610,10215,9773,1,2
19611,10238,188163,0,1
19612,9768,6367,2,0
19613,6367,10215,3,1
19614,8348,8613,1,1
19615,188163,7841,1,1
19616,158085,10214,3,0
19617,9807,6403,0,2
19618,9772,7844,1,0
19619,10264,10238,3,2
19620,7842,10212,2,1
19621,9773,9768,1,3
19622,7842,158085,1,1
19623,10214,9807,2,2
19624,10212,9772,0,2
19625,7841,9773,1,3
19626,9768,10238,5,0
19627,10215,10264,0,0
19628,8613,6367,1,0
19629,6403,188163,1,4
19630,7844,8348,4,1
19631,188163,10215,2,0
19632,9773,8613,4,0
19633,10238,6403,0,0
19634,8348,10212,2,1
19635,6367,7841,1,2
19636,158085,7844,2,2
19637,9807,7842,2,1
19638,9772,10214,4,1
19639,10264,9768,0,4
19640,158085,9773,1,3
19641,8613,6403,0,1
19642,7844,188163,1,0
19643,10212,10238,5,2
19644,8348,6367,0,0
19645,7841,9768,1,2
19646,10214,10215,2,0
19647,9772,9807,6,0
19648,7842,10264,1,0
19649,10215,8613,0,2
19650,9807,8348,2,0
19651,10264,10212,5,1
19652,6403,7841,0,3
19653,6367,158085,0,0
19654,9773,9772,1,0
19655,188163,7842,0,1
19656,10238,7844,2,2
19657,9768,10214,1,0
19658,158085,9807,2,2
19659,9772,6403,3,0
19660,8613,9768,0,0
19661,7842,6367,2,1
19662,10212,188163,1,0
19663,8348,9773,2,2
19664,10214,10238,1,1
19665,7841,10215,1,0
19666,7844,10264,0,1
19667,10215,10212,1,0
19668,6403,10214,3,1
19669,10264,158085,0,0
19670,9773,9807,4,0
19671,6367,9772,0,0
19672,7841,8613,1,0
19673,10238,7842,1,0
19674,9768,7844,5,1
19675,188163,8348,1,1
19676,158085,188163,1,1
19677,9807,6367,1,0
19678,9772,9768,0,3
19679,7842,7841,2,2
19680,8348,10238,0,2
19681,7844,10215,1,1
19682,10214,8613,0,0
19683,9773,10264,0,0
19684,10212,6403,0,2
19685,10215,8348,1,1
19686,8613,10212,0,1
19687,6403,7844,0,1
19688,10238,158085,0,0
19689,10264,9807,4,0
19690,188163,9772,0,4
19691,9768,7842,1,0
19692,7841,10214,1,0
19693,6367,9773,0,4
21290,9925,8649,2,0
21291,9938,8485,0,1
21292,8429,8426,0,0
21293,9860,8467,4,3
21294,8066,9927,0,1
21295,8597,8284,0,4
21296,8485,8467,1,5
21297,8284,9927,2,1
21298,8429,9925,1,2
21299,9860,8597,1,1
21300,8426,9938,3,0
21301,8649,8066,1,2
21302,9938,9860,0,1
21303,8429,8284,1,1
21304,8597,8066,2,0
21305,9927,9925,0,1
21306,8649,8485,2,0
21307,8467,8426,1,2
21308,8485,9927,1,1
21309,9925,9938,5,0
21310,8284,8597,1,2
21311,9860,8649,2,0
21312,8066,8467,0,1
21313,8426,8429,1,1
21314,9925,8485,3,1
21315,9938,8649,1,0
21316,8429,8467,2,4
21317,8066,8284,1,1
21318,8597,9927,0,1
21319,8426,9860,0,4
21320,8485,9938,2,0
21321,8284,8426,1,1
21322,9860,8429,2,0
21323,9927,8066,1,3
21324,8649,9925,1,4
21325,8467,8597,2,1
21326,9925,8597,0,0
21327,9938,8467,1,2
21328,8429,8485,1,1
21329,9860,8284,1,1
21330,8426,8066,2,1
21331,8649,9927,3,0
21332,8485,8649,3,1
21333,9938,8429,1,2
21334,8066,9925,1,3
21335,8597,8426,2,5
21336,9927,9860,2,2
21337,8467,8284,1,1
21338,9925,8429,8,1
21339,8284,8485,0,2
21340,9860,8066,2,0
21341,8597,9938,1,1
21342,8426,9927,1,0
21343,8649,8467,2,3
21344,8485,9860,1,0
21345,9938,8426,0,1
21346,8429,8649,1,3
21347,8066,8597,2,1
21348,9927,8284,3,1
21349,8467,9925,0,3
21350,9925,9927,1,2
21351,8284,8429,4,0
21352,8066,9938,2,2
21353,8597,8485,0,4
21354,8426,8649,1,0
21355,8467,9860,0,0
21356,8485,8597,2,0
21357,8284,9860,1,2
21358,9927,9938,0,2
21359,8426,9925,0,2
21360,8649,8429,2,0
21361,8467,8066,1,1
21362,8485,8066,2,2
21363,9938,9927,0,3
21364,8429,8597,0,1
21365,9860,9925,2,2
21366,8426,8467,2,0
21367,8649,8284,5,2
21368,8485,8426,0,0
21369,8284,9925,0,0
21370,8429,8066,3,4
21371,9860,9938,3,2
21372,9927,8467,2,0
21373,8649,8597,3,2
21374,9925,8426,1,0
21375,8284,9938,2,1
21376,8066,8649,2,0
21377,8597,9860,2,2
21378,9927,8429,3,3
21379,8467,8485,3,4
21380,9938,9925,1,4
21381,9860,9927,6,0
21382,8597,8066,2,1
21383,8426,8284,2,4
21384,8649,8485,2,3
21385,8467,8429,0,0
21386,8429,9860,0,0
21387,8066,8426,0,0
21388,9927,8649,1,2
21389,8485,8284,1,0
21390,9925,8467,3,1
21391,9938,8597,5,1
21392,8485,9925,2,1
21393,8284,9927,2,2
21394,8597,8429,0,1
21395,8426,9938,1,0
21396,8649,9860,0,3
21397,8467,8066,1,0
21398,9925,8649,2,0
21399,8284,8467,2,0
21400,8429,9938,0,0
21401,9860,8426,1,0
21402,8066,8485,3,1
21403,9927,8597,0,2
21404,9925,8066,3,0
21405,9938,9860,2,1
21406,8597,8284,0,0
21407,8426,8485,1,2
21408,8649,8429,2,1
21409,8467,9927,2,1
21410,8485,8467,1,1
21411,8284,8066,1,1
21412,8429,9925,1,1
21413,9860,8597,1,0
21414,9927,8426,3,1
21415,8649,9938,0,3
21416,9925,8284,0,0
21417,9938,8485,0,1
21418,8429,9927,0,1
21419,8066,9860,0,0
21420,8597,8649,0,2
21421,8467,8426,1,2
21422,8485,8429,1,0
21423,9938,8284,2,2
21424,9860,9927,2,0
21425,8066,8426,0,0
21426,8597,9925,2,2
21427,8467,8649,1,1
21428,8485,8597,2,1
21429,8284,9860,0,1
21430,8066,8429,0,1
21431,9927,9938,2,1
21432,8426,9925,1,2
21433,8467,8649,1,1
21434,9938,8284,2,2
21435,8429,8426,1,2
21436,9860,8467,0,3
21437,8597,9925,0,1
21438,9927,8485,2,1
21439,8649,8066,0,3
21440,8485,8429,3,0
21441,9925,9860,3,1
21442,8284,8649,5,2
21443,8066,9927,1,2
21444,8426,8597,0,0
21445,8467,9938,0,1
21446,9938,8066,0,2
21447,8429,8284,2,1
21448,9860,8485,2,1
21449,8597,8467,3,0
21450,9927,9925,1,2
21451,8649,8426,1,0
21452,8467,8485,3,0
21453,9927,9860,1,0
21454,8426,8284,1,2
21455,8066,8597,3,1
21456,9925,8649,1,1
21457,9938,8429,1,3
21458,9860,9925,1,3
21459,8485,9927,4,1
21460,8429,8597,0,4
21461,8426,8066,1,4
21462,8649,8467,0,1
21463,8284,9938,2,1
21464,8066,9938,2,3
21465,8284,8429,0,1
21466,9860,8649,1,1
21467,8597,8426,0,2
21468,9927,8467,1,2
21469,9925,8485,3,2
21470,9938,8426,3,3
21471,8467,9925,2,1
21472,8284,8597,1,1
21473,8429,8066,0,1
21474,8649,9927,1,3
21475,8485,9860,0,1
21476,8066,8284,4,0
21477,8597,9938,2,4
21478,8426,8429,2,2
21479,8485,8649,0,4
21480,9925,9927,7,0
21481,9860,8467,2,2
21482,9925,8066,4,2
21483,8284,8467,2,1
21484,8429,9938,4,0
21485,9927,8485,1,2
21486,8426,8597,2,2
21487,8649,9860,1,2
21488,8485,8284,2,0
21489,9938,9925,1,3
21490,9860,8426,3,0
21491,8066,8429,0,2
21492,8597,8649,0,4
21493,8467,9927,2,1
21494,9925,8467,3,1
21495,8284,8066,1,1
21496,8429,9860,3,2
21497,9927,8597,1,0
21498,8426,8485,0,2
21499,8649,9938,2,1
21500,8485,9925,2,1
21501,9938,8597,1,2
21502,8066,9860,2,0
21503,9927,8649,1,1
21504,8426,8284,0,1
21505,8467,8429,4,1
21506,9925,8284,6,0
21507,9938,8066,1,1
21508,8429,9927,1,0
21509,9860,8485,1,3
21510,8597,8467,2,1
21511,8649,8426,1,0
21512,9925,9860,0,0
21513,8284,8649,3,3
21514,8066,8485,2,1
21515,8597,8429,1,2
21516,9927,8426,2,1
21517,8467,9938,2,1
24178,8581,9910,1,2
24179,9906,8306,1,0
24180,9864,8302,0,0
24181,8315,8634,0,1
24182,7878,8372,1,3
24183,8558,8305,1,0
24184,8603,10205,1,1
24185,9869,8633,0,0
24186,9783,8560,0,0
24187,8370,10267,0,0
24188,8372,8370,1,0
24189,8305,8634,0,2
24190,10205,8302,2,1
24191,8633,8306,3,1
24192,8560,9910,2,3
24193,10267,8581,3,0
24194,9783,9906,1,1
24195,9869,9864,1,0
24196,8603,8315,1,3
24197,8558,7878,1,1
24198,8372,8305,3,1
24199,8634,10205,3,0
24200,8302,8633,3,2
24201,8306,8560,2,0
24202,9910,10267,1,5
24203,8581,9783,1,1
24204,9906,9869,1,0
24205,9864,8603,0,1
24206,8315,8558,2,1
24207,8370,7878,2,1
24208,8305,8370,1,1
24209,10205,8372,1,1
24210,8633,8634,0,4
24211,8560,8302,2,0
24212,10267,8306,1,1
24213,9783,9910,2,0
24214,9869,8581,0,3
24215,8603,9906,0,1
24216,8558,9864,2,0
24217,7878,8315,2,0
24218,8305,10205,2,0
24219,8372,8633,0,2
24220,8634,8560,4,0
24221,8302,10267,1,0
24222,8306,9783,0,2
24223,9910,9869,2,1
24224,8581,8603,0,1
24225,9906,8558,1,0
24226,9864,7878,2,2
24227,8370,8315,0,3
24228,10205,8370,2,1
24229,8633,8305,4,1
24230,8560,8372,2,1
24231,10267,8634,1,1
24232,9783,8302,1,1
24233,9869,8306,3,1
24234,8603,9910,1,1
24235,8558,8581,1,1
24236,7878,9906,0,2
24237,8315,9864,0,0
24238,10205,8633,1,0
24239,8305,8560,1,1
24240,8372,10267,1,1
24241,8634,9783,2,2
24242,8302,9869,2,0
24243,8306,8603,1,0
24244,9910,8558,1,0
24245,8581,7878,1,2
24246,9906,8315,2,1
24247,8370,9864,1,2
24248,8633,8370,10,2
24249,8560,10205,0,2
24250,10267,8305,2,2
24251,9783,8372,2,0
24252,9869,8634,1,3
24253,8603,8302,0,0
24254,8558,8306,1,0
24255,7878,9910,0,2
24256,8315,8581,2,0
24257,9864,9906,1,0
24258,8633,8560,3,1
24259,10205,10267,1,0
24260,8305,9783,0,0
24261,8372,9869,2,0
24262,8634,8603,4,0
24263,8302,8558,2,0
24264,8306,7878,4,1
24265,9910,8315,0,1
24266,8581,9864,0,1
24267,8370,9906,0,2
24268,8370,8560,2,2
24269,10267,8633,2,2
24270,9783,10205,1,2
24271,9869,8305,1,2
24272,8603,8372,0,4
24273,8558,8634,0,0
24274,7878,8302,2,1
24275,8315,8306,2,2
24276,9864,9910,2,0
24277,9906,8581,1,0
24278,8560,10267,2,0
24279,8633,9783,5,0
24280,10205,9869,2,0
24281,8305,8603,1,0
24282,8372,8558,2,1
24283,8634,7878,4,0
24284,8302,8315,2,0
24285,8306,9864,1,1
24286,9910,9906,0,2
24287,8581,8370,2,1
24288,9910,8370,3,0
24289,8306,8581,0,0
24290,8302,9906,0,3
24291,8634,9864,1,0
24292,8372,8315,2,0
24293,8305,7878,1,2
24294,10205,8558,3,1
24295,8633,8603,5,0
24296,8560,9869,0,0
24297,10267,9783,1,1
24298,9910,8581,4,3
24299,8306,9906,0,3
24300,8302,9864,2,1
24301,8634,8315,6,0
24302,8372,7878,5,1
24303,8305,8558,3,1
24304,10205,8603,0,0
24305,8633,9869,5,1
24306,8560,9783,1,1
24307,10267,8370,2,2
24308,8370,9910,3,0
24309,8581,8306,3,2
24310,9906,8302,0,0
24311,9864,8634,1,2
24312,8315,8372,5,2
24313,7878,8305,3,2
24314,8558,10205,2,2
24315,8603,8633,1,1
24316,9869,8560,5,1
24317,9783,10267,1,1
24318,8306,9910,2,1
24319,8302,8581,3,1
24320,8634,9906,2,1
24321,8372,9864,1,2
24322,8305,8315,0,1
24323,10205,7878,1,0
24324,8633,8558,6,0
24325,8560,8603,2,1
24326,10267,9869,0,1
24327,9783,8370,2,2
24328,8370,8306,2,0
24329,9910,8302,1,1
24330,8581,8634,0,2
24331,9906,8372,3,1
24332,9864,8305,3,0
24333,8315,10205,0,0
24334,7878,8633,1,2
24335,8558,8560,0,5
24336,8603,10267,1,0
24337,9869,9783,1,1
24338,8302,8306,2,0
24339,8634,9910,6,1
24340,8372,8581,2,0
24341,8305,9906,0,1
24342,10205,9864,1,0
24343,8633,8315,4,2
24344,8560,7878,3,0
24345,10267,8558,2,1
24346,9783,8603,2,2
24347,9869,8370,2,2
24348,8370,8302,2,2
24349,8306,8634,1,2
24350,9910,8372,3,2
24351,8581,8305,3,0
24352,9906,10205,0,0
24353,9864,8633,1,1
24354,8315,8560,0,1
24355,7878,10267,1,2
24356,8558,9783,1,0
24357,8603,9869,1,1
24358,8634,8302,2,1
24359,8372,8306,0,1
24360,8305,9910,0,1
24361,10205,8581,3,0
24362,8633,9906,0,1
24363,8560,9864,1,1
24364,10267,8315,0,3
24365,9783,7878,0,1
24366,9869,8558,2,4
24367,8603,8370,2,2
24368,8370,8634,1,5
24369,8302,8372,1,0
24370,8306,8305,4,0
24371,9910,10205,0,0
24372,8581,8633,1,3
24373,9906,8560,3,0
24374,9864,10267,1,2
24375,8315,9783,4,1
24376,7878,9869,2,0
24377,8558,8603,0,3
24378,8372,8634,0,4
24379,8305,8302,1,1
24380,10205,8306,0,1
24381,8633,9910,7,1
24382,8560,8581,1,1
24383,10267,9906,1,3
24384,9783,9864,3,3
24385,9869,8315,0,2
24386,8603,7878,2,0
24387,8558,8370,2,1
24388,8370,8372,1,1
24389,8634,8305,6,0
24390,8302,10205,4,2
24391,8306,8633,1,2
24392,9910,8560,1,0
24393,8581,10267,1,0
24394,9906,9783,3,0
24395,9864,9869,1,0
24396,8315,8603,3,1
24397,7878,8558,1,1
24398,9910,8306,3,3
24399,8581,8302,1,1
24400,9906,8634,1,2
24401,9864,8372,0,0
24402,8315,8305,3,1
24403,7878,10205,1,3
24404,8558,8633,0,6
24405,8603,8560,1,0
24406,9869,10267,0,1
24407,8370,9783,1,3
24408,8305,8372,1,1
24409,10205,8634,2,2
24410,8633,8302,4,0
24411,8560,8306,0,1
24412,10267,9910,0,2
24413,9783,8581,2,1
24414,9869,9906,2,1
24415,8603,9864,0,1
24416,8558,8315,2,1
24417,7878,8370,2,2
24418,8370,8305,2,0
24419,8372,10205,1,2
24420,8634,8633,1,2
24421,8302,8560,1,2
24422,8306,10267,2,1
24423,9910,9783,1,1
24424,8581,9869,0,0
24425,9906,8603,5,1
24426,9864,8558,1,1
24427,8315,7878,1,1
24428,10205,8305,2,0
24429,8633,8372,4,0
24430,8560,8634,1,0
24431,10267,8302,2,1
24432,9783,8306,1,3
24433,9869,9910,0,1
24434,8603,8581,1,0
24435,8558,9906,1,3
24436,7878,9864,0,0
24437,8315,8370,1,0
24438,8370,10205,2,1
24439,8305,8633,1,5
24440,8372,8560,2,1
24441,8634,10267,1,2
24442,8302,9783,1,1
24443,8306,9869,1,1
24444,9910,8603,1,1
24445,8581,8558,2,1
24446,9906,7878,3,0
24447,9864,8315,0,1
24448,8633,10205,3,0
24449,8560,8305,1,2
24450,10267,8372,4,0
24451,9783,8634,0,8
24452,9869,8302,2,1
24453,8603,8306,1,0
24454,8558,9910,1,1
24455,7878,8581,5,1
24456,8315,9906,0,1
24457,9864,8370,1,1
24458,8370,8633,2,3
24459,10205,8560,0,0
24460,8305,10267,2,2
24461,8372,9783,1,1
24462,8634,9869,6,0
24463,8302,8603,2,0
24464,8306,8558,4,0
24465,9910,7878,2,1
24466,8581,8315,2,2
24467,9906,9864,1,0
24468,8560,8633,0,1
24469,10267,10205,0,2
24470,9783,8305,0,2
24471,9869,8372,2,0
24472,8603,8634,0,2
24473,8558,8302,1,0
24474,7878,8306,3,2
24475,8315,9910,2,1
24476,9864,8581,3,1
24477,9906,8370,1,0
24478,8560,8370,2,1
24479,8633,10267,3,2
24480,10205,9783,0,2
24481,8305,9869,1,1
24482,8372,8603,1,1
24483,8634,8558,5,0
24484,8302,7878,1,4
24485,8306,8315,0,0
24486,9910,9864,1,0
24487,8581,9906,2,1
24488,10267,8560,0,1
24489,9783,8633,0,2
24490,9869,10205,2,0
24491,8603,8305,2,1
24492,8558,8372,4,2
24493,7878,8634,0,3
24494,8315,8302,3,1
24495,9864,8306,4,1
24496,9906,9910,2,0
24497,8370,8581,3,1
24498,8306,8370,0,1
24499,8302,9910,1,2
24500,8634,8581,4,1
24501,8372,9906,0,2
24502,8305,9864,1,0
24503,10205,8315,3,1
24504,8633,7878,1,0
24505,8560,8558,2,3
24506,10267,8603,0,0
24507,9783,9869,2,3
24508,8306,8302,2,0
24509,9910,8634,4,1
24510,8581,8372,2,2
24511,9906,8305,2,0
24512,9864,10205,0,1
24513,8315,8633,1,2
24514,7878,8560,0,3
24515,8558,10267,1,0
24516,8603,9783,1,2
24517,8370,9869,2,1
24518,8302,8370,3,2
24519,8634,8306,2,1
24520,8372,9910,1,1
24521,8305,8581,3,0
24522,10205,9906,1,0
24523,8633,9864,0,0
24524,8560,8315,0,0
24525,10267,7878,1,0
24526,9783,8558,3,0
24527,9869,8603,1,2
24528,8302,8634,2,1
24529,8306,8372,0,2
24530,9910,8305,0,0
24531,8581,10205,1,0
24532,9906,8633,1,1
24533,9864,8560,3,1
24534,8315,10267,3,1
24535,7878,9783,1,1
24536,8558,9869,1,2
24537,8370,8603,0,2
24538,8634,8370,5,2
24539,8372,8302,1,1
24540,8305,8306,4,0
24541,10205,9910,1,2
24542,8633,8581,3,0
24543,8560,9906,0,2
24544,10267,9864,3,0
24545,9783,8315,2,2
24546,9869,7878,3,3
24547,8603,8558,1,3
24548,8634,8372,3,1
24549,8302,8305,5,0
24550,8306,10205,0,0
24551,9910,8633,1,3
24552,8581,8560,0,4
24553,9906,10267,2,1
24554,9864,9783,2,0
24555,8315,9869,3,0
24556,7878,8603,1,1
24557,8370,8558,3,0
25800,10199,10179,2,2
25801,9931,9824,2,0
25802,10191,9956,3,5
25803,10190,7896,2,0
25804,10243,10192,1,1
25805,9931,7896,3,1
25806,9956,10190,1,1
25807,10199,10243,1,0
25808,10179,9824,0,1
25809,10191,10192,0,1
25810,10199,7896,2,2
25811,10190,10179,1,1
25812,9824,10191,1,1
25813,10192,9956,3,1
25814,10243,9931,2,2
25815,9956,10199,1,0
25816,7896,10190,3,1
25817,10179,9931,0,2
25818,10191,10243,5,1
25819,9824,10192,1,1
25820,9931,10192,1,0
25821,10199,9824,1,1
25822,10179,9956,3,2
25823,10191,7896,2,1
25824,10243,10190,2,2
25825,9956,10191,1,2
25826,7896,10179,3,0
25827,10190,10199,1,0
25828,9824,9931,1,2
25829,10192,10243,1,1
25830,9931,9956,2,3
25831,7896,10192,1,1
25832,10179,10199,2,0
25833,10191,10190,0,2
25834,10243,9824,1,1
25835,9956,9824,2,0
25836,10199,10191,1,0
25837,10190,9931,2,1
25838,10192,10179,1,1
25839,10243,7896,5,3
25840,9931,10199,3,0
25841,9956,10243,5,0
25842,10179,10191,1,2
25843,9824,7896,1,1
25844,10192,10190,2,1
25845,7896,9956,4,1
25846,10199,10192,3,1
25847,10190,9824,2,2
25848,10191,9931,0,2
25849,10243,10179,1,0
25850,9931,10199,3,0
25851,7896,9824,2,5
25852,10190,10191,1,2
25853,10192,9956,1,1
25854,10243,10179,0,1
25855,10192,10199,1,1
25856,9956,9931,2,3
25857,7896,10191,2,3
25858,10179,10190,1,0
25859,9824,10243,2,2
25860,9956,9931,0,4
25861,10199,10243,1,2
25862,10179,10190,1,1
25863,10191,7896,2,1
25864,9824,10192,1,1
25865,9931,9824,5,1
25866,9956,10179,3,0
25867,7896,10243,0,0
25868,10199,10190,0,1
25869,10192,10191,2,1
25870,10179,10199,3,1
25871,10190,7896,3,3
25872,10191,9931,1,1
25873,9824,9956,1,1
25874,10243,10192,0,1
25875,7896,9931,1,4
25876,10179,9824,2,0
25877,10190,9956,2,0
25878,10192,10199,5,2
25879,10243,10191,0,0
25880,9931,10190,4,2
25881,9956,10243,4,2
25882,10199,7896,2,1
25883,9824,10191,0,0
25884,10192,10179,3,2
25885,9956,7896,0,1
25886,10179,9931,0,1
25887,10190,10192,2,3
25888,10191,10199,1,1
25889,9824,10243,0,3
25890,9931,10192,2,0
25891,7896,10179,0,6
25892,10199,9824,5,1
25893,10191,9956,2,1
25894,10243,10190,4,0
25895,9931,10243,2,2
25896,9956,10199,1,1
25897,10179,10191,2,1
25898,9824,10190,3,0
25899,10192,7896,7,0
25900,7896,10191,2,1
25901,10179,9956,2,1
25902,10190,9931,0,7
25903,10192,9824,5,4
25904,10243,10199,0,1
25905,9931,7896,3,0
25906,10199,10192,2,3
25907,10190,10179,2,1
25908,10191,9824,2,2
25909,10243,9956,1,1
25910,9931,10179,3,0
25911,10190,10192,1,1
25912,7896,9824,1,0
25913,10191,10199,0,1
25914,10243,9956,2,3
25915,9956,10190,2,0
25916,10199,10191,3,0
25917,10179,7896,3,1
25918,9824,9931,0,0
25919,10192,10243,3,0
25920,9931,10179,2,1
25921,9956,10192,1,2
25922,7896,10199,1,1
25923,10190,9824,1,3
25924,10191,10243,4,0
25925,7896,9956,0,1
25926,10179,10192,2,1
25927,10191,10190,2,2
25928,9824,10199,1,2
25929,10243,9931,2,3
25930,9931,10191,1,1
25931,10199,9956,3,0
25932,9824,10179,2,0
25933,10192,10190,3,1
25934,10243,7896,0,4
25935,9956,9824,1,2
25936,7896,10192,1,3
25937,10199,9931,4,0
25938,10190,10243,3,0
25939,10191,10179,1,1
25940,9956,10191,0,0
25941,10179,10243,2,2
25942,9824,7896,0,0
25943,10192,9931,2,3
25944,10190,10199,1,4
25945,9931,9956,0,1
25946,7896,10190,3,0
25947,10199,10179,2,2
25948,10191,10192,0,3
25949,10243,9824,3,1
25950,9956,7896,6,1
25951,10199,9931,1,3
25952,10190,10243,0,2
25953,9824,10179,1,1
25954,10192,10191,3,1
25955,9931,10191,3,1
25956,10192,7896,0,1
25957,10199,10190,0,1
25958,10179,10243,3,1
25959,9824,9956,3,3
25960,7896,9931,1,3
25961,10179,10192,1,3
25962,10190,9956,0,2
25963,10191,9824,1,0
25964,10243,10199,2,5
25965,7896,10199,0,1
25966,9824,10190,1,0
25967,10191,10179,0,2
25968,9931,10243,3,1
25969,9956,10192,3,2
25970,9931,10190,2,1
25971,10192,9824,4,0
25972,10199,9956,3,3
25973,10243,10191,3,3
25974,10179,7896,3,0
25975,10190,10191,1,0
25976,9824,10199,1,2
25977,9956,10179,2,0
25978,7896,10243,0,0
25979,10192,9931,4,3
